size_aana,size_ropani,location,floors,house_age_years,price_npr
5.3,0.331,New Baneshwor,2.0,7,23385000.0
8.01,0.501,Chabahil,2.5,7,32212000.0
48.48,3.03,Baneshwor,1.0,29,168630000.0
2.13,0.133,Gongabu,1.0,24,6507000.0
2.84,0.177,Chabahil,2.0,27,14041000.0
19.7,1.231,Sanepa,0.0,24,95849000.0
10.11,0.632,Sanepa,3.0,17,56428000.0
14.3,0.894,Jhamsikhel,2.0,11,76335000.0
9.04,0.565,Budhanilkantha,2.0,17,25444000.0
2.56,0.16,Kalimati,2.5,17,10011000.0
18.68,1.167,Naxal,1.0,15,112555000.0
9.0,0.562,Kirtipur,2.0,17,25214000.0
7.06,0.441,Koteshwor,1.0,27,20122000.0
15.9,0.994,Kalanki,1.0,11,41815000.0
14.72,0.92,Budhanilkantha,2.5,2,44023000.0
56.32,3.52,Kalimati,2.0,7,188333000.0
25.44,1.59,Baluwatar,2.0,23,151707000.0
4.15,0.259,Sanepa,2.5,13,27075000.0
15.88,0.993,Lazimpat,0.0,6,92337000.0
9.76,0.61,Gongabu,2.0,6,31172000.0
18.34,1.146,Boudha,2.0,22,57551000.0
24.16,1.51,Boudha,3.0,21,79449000.0
13.4,0.838,Kalimati,2.0,5,47555000.0
16.53,1.033,Kirtipur,2.0,27,33504000.0
20.8,1.3,Kirtipur,0.0,29,37553000.0
9.51,0.594,Baneshwor,2.0,4,41175000.0
18.97,1.186,Kalimati,1.0,21,55993000.0
19.32,1.208,Kirtipur,2.0,29,41501000.0
7.13,0.446,Sanepa,1.0,16,38462000.0
18.35,1.147,New Baneshwor,2.0,18,68701000.0
19.74,1.234,Lazimpat,2.0,22,106846000.0
10.47,0.654,Budhanilkantha,2.0,1,32211000.0
16.37,1.023,Chabahil,1.0,8,60699000.0
16.57,1.036,Sanepa,2.0,19,88330000.0
9.16,0.573,Jhamsikhel,3.0,6,53253000.0
11.75,0.734,Kalanki,1.0,9,31149000.0
19.68,1.23,Gongabu,2.0,19,53567000.0
17.89,1.118,Gongabu,1.0,22,46399000.0
17.24,1.077,Sanepa,3.0,19,93207000.0
16.14,1.009,Chabahil,2.0,7,61466000.0
18.92,1.183,Sanepa,0.0,24,92524000.0
19.9,1.244,Baneshwor,2.5,3,84724000.0
5.22,0.326,Baluwatar,2.0,23,34887000.0
11.16,0.698,Baluwatar,1.0,21,69645000.0
19.62,1.226,Kirtipur,3.0,18,46754000.0
14.04,0.877,Kirtipur,1.0,0,34457000.0
12.3,0.769,Boudha,0.0,16,38859000.0
8.66,0.541,Kirtipur,3.0,8,24426000.0
19.4,1.212,Boudha,3.0,2,72148000.0
7.7,0.481,Bhaktapur,2.0,17,17744000.0
18.74,1.171,Budhanilkantha,0.0,13,46030000.0
17.28,1.08,Naxal,2.5,8,109399000.0
7.34,0.459,Bhaktapur,2.5,25,18395000.0
3.28,0.205,Boudha,2.5,13,19696000.0
2.5,0.156,Gongabu,0.0,1,6594000.0
19.67,1.229,Kalanki,2.0,21,50734000.0
2.7,0.169,Baneshwor,2.0,14,14015000.0
19.37,1.211,Lazimpat,0.0,6,112237000.0
9.4,0.588,Boudha,2.0,2,33638000.0
9.8,0.613,Baluwatar,0.0,25,57201000.0
3.46,0.216,Lazimpat,2.0,8,21768000.0
13.88,0.868,Baneshwor,2.0,20,54244000.0
11.98,0.749,Boudha,2.5,21,41209000.0
2.26,0.141,Sanepa,0.0,13,11166000.0
55.84,3.49,Budhanilkantha,1.0,19,132742000.0
9.17,0.573,Kirtipur,3.0,9,26495000.0
28.96,1.81,Jhamsikhel,3.0,25,143923000.0
3.27,0.204,Boudha,3.0,22,15424000.0
18.92,1.183,Gongabu,2.0,23,49459000.0
18.95,1.184,Boudha,2.5,2,70199000.0
5.52,0.345,Koteshwor,1.0,12,18038000.0
3.28,0.205,Naxal,2.0,7,23765000.0
53.6,3.35,Kalimati,2.0,8,176861000.0
15.23,0.952,Chabahil,3.0,20,55884000.0
15.51,0.969,Jhamsikhel,3.0,2,87107000.0
17.61,1.101,New Baneshwor,1.0,4,68260000.0
15.58,0.974,New Baneshwor,2.0,8,61826000.0
18.12,1.133,Kalanki,0.0,16,48722000.0
3.64,0.228,Boudha,3.0,6,17427000.0
10.07,0.629,Kalimati,2.0,2,40056000.0
15.54,0.971,Jhamsikhel,2.5,22,80487000.0
50.72,3.17,Budhanilkantha,3.0,11,131896000.0
47.2,2.95,Baneshwor,2.0,9,188344000.0
8.67,0.542,Koteshwor,1.0,19,26998000.0
15.56,0.973,New Baneshwor,2.5,5,61341000.0
18.31,1.144,New Baneshwor,2.0,6,72934000.0
34.24,2.14,Boudha,2.5,25,107025000.0
12.5,0.781,New Baneshwor,2.0,29,45048000.0
17.63,1.102,Gongabu,2.0,5,50712000.0
19.87,1.242,Bhaktapur,1.0,4,43787000.0
11.42,0.714,Sanepa,1.0,8,62693000.0
23.68,1.48,New Baneshwor,3.0,15,92392000.0
26.72,1.67,Gongabu,1.0,25,64844000.0
8.49,0.531,Naxal,3.0,3,58627000.0
23.68,1.48,Baneshwor,2.5,20,90526000.0
60.64,3.79,Kirtipur,2.5,18,128418000.0
3.49,0.218,Budhanilkantha,3.0,29,14483000.0
8.78,0.549,Bhaktapur,2.0,25,18918000.0
12.24,0.765,Baneshwor,2.0,0,52850000.0
46.72,2.92,Bhaktapur,3.0,4,101715000.0
12.53,0.783,Baneshwor,3.0,20,50950000.0
6.53,0.408,Kirtipur,2.0,12,18164000.0
15.63,0.977,Kirtipur,2.0,1,39421000.0
16.96,1.06,Naxal,3.0,17,102888000.0
3.59,0.224,Baneshwor,2.0,26,17040000.0
18.26,1.141,Naxal,3.0,27,105893000.0
9.06,0.566,Naxal,0.0,26,49829000.0
9.14,0.571,Baluwatar,2.0,22,59928000.0
4.65,0.291,Baluwatar,2.5,23,32070000.0
13.4,0.838,Naxal,1.0,15,79996000.0
15.2,0.95,Budhanilkantha,1.0,10,38485000.0
17.74,1.109,Koteshwor,2.0,26,53116000.0
6.03,0.377,Naxal,1.0,20,35101000.0
11.62,0.726,Lazimpat,1.0,11,67116000.0
26.56,1.66,Naxal,0.0,26,145429000.0
4.83,0.302,Budhanilkantha,0.0,15,13137000.0
3.52,0.22,Kalimati,1.0,2,13037000.0
15.68,0.98,Baneshwor,2.0,13,62556000.0
16.32,1.02,Boudha,2.5,18,55427000.0
56.64,3.54,Budhanilkantha,2.0,5,150905000.0
49.28,3.08,Budhanilkantha,0.0,27,108576000.0
6.2,0.388,Kalimati,2.0,12,22492000.0
13.68,0.855,Jhamsikhel,0.0,17,70071000.0
12.16,0.76,Koteshwor,1.0,9,40610000.0
12.94,0.809,Baneshwor,2.0,26,49285000.0
20.64,1.29,Baluwatar,1.0,5,138895000.0
3.58,0.224,Jhamsikhel,1.0,29,14978000.0
18.14,1.134,Jhamsikhel,3.0,19,94168000.0
62.56,3.91,Jhamsikhel,1.0,29,285197000.0
10.58,0.661,Budhanilkantha,2.5,12,30866000.0
14.8,0.925,Baneshwor,2.0,19,57861000.0
3.57,0.223,Kalimati,1.0,29,11517000.0
12.69,0.793,Jhamsikhel,1.0,5,68434000.0
14.56,0.91,Lazimpat,2.0,14,85601000.0
3.92,0.245,New Baneshwor,2.5,4,19824000.0
18.68,1.167,Gongabu,0.0,21,47258000.0
52.48,3.28,Boudha,2.5,13,173128000.0
11.42,0.714,Sanepa,1.0,3,66273000.0
16.7,1.044,Kalimati,2.5,6,59858000.0
11.05,0.691,Baluwatar,2.0,24,69265000.0
11.78,0.736,Budhanilkantha,1.0,7,29072000.0
8.03,0.502,Sanepa,2.5,19,46772000.0
15.35,0.959,Boudha,2.5,26,49241000.0
4.58,0.286,Lazimpat,2.0,3,29925000.0
15.58,0.974,Kalimati,2.5,21,50746000.0
10.75,0.672,Boudha,2.5,3,40231000.0
41.44,2.59,Naxal,2.0,3,265555000.0
8.17,0.511,Chabahil,2.0,5,31016000.0
13.07,0.817,Budhanilkantha,2.0,25,36086000.0
12.67,0.792,Budhanilkantha,2.0,11,35233000.0
2.41,0.151,Jhamsikhel,2.5,9,16220000.0
18.82,1.176,Sanepa,3.0,21,98937000.0
63.2,3.95,Baluwatar,1.0,13,399801000.0
12.64,0.79,Baneshwor,2.0,20,51237000.0
16.45,1.028,Lazimpat,2.0,20,91362000.0
8.23,0.514,Kalimati,2.0,17,27739000.0
6.04,0.378,Chabahil,3.0,11,26546000.0
18.47,1.154,Jhamsikhel,2.5,16,94030000.0
2.24,0.14,Chabahil,2.0,20,10746000.0
3.54,0.221,Jhamsikhel,1.0,28,18432000.0
3.21,0.201,New Baneshwor,2.0,22,13931000.0
2.66,0.166,Kirtipur,2.5,29,10864000.0
51.36,3.21,Sanepa,2.0,14,269919000.0
4.79,0.299,Kirtipur,1.0,0,16076000.0
8.72,0.545,New Baneshwor,3.0,9,39698000.0
14.89,0.931,New Baneshwor,2.0,28,52709000.0
6.16,0.385,Kalanki,2.0,26,15774000.0
13.75,0.859,Lazimpat,2.5,14,82290000.0
15.0,0.938,Sanepa,2.5,23,77870000.0
2.23,0.139,New Baneshwor,2.5,6,11727000.0
18.24,1.14,Lazimpat,2.0,3,113136000.0
6.67,0.417,Lazimpat,2.0,1,44225000.0
13.23,0.827,New Baneshwor,2.5,5,56356000.0
15.74,0.984,Sanepa,1.0,23,78704000.0
18.1,1.131,Kirtipur,2.0,16,42948000.0
6.64,0.415,Naxal,2.0,21,41195000.0
11.46,0.716,Kirtipur,2.0,12,28988000.0
40.32,2.52,Bhaktapur,0.0,5,83874000.0
16.94,1.059,Lazimpat,1.0,22,90691000.0
12.75,0.797,Budhanilkantha,2.0,11,34501000.0
18.46,1.154,Lazimpat,2.0,25,98499000.0
15.28,0.955,Naxal,0.0,18,89794000.0
9.01,0.563,Sanepa,2.0,7,53077000.0
10.57,0.661,Koteshwor,3.0,14,37560000.0
5.87,0.367,Baneshwor,2.0,3,28035000.0
12.74,0.796,Baluwatar,2.0,1,89882000.0
12.16,0.76,Naxal,2.0,16,75534000.0
16.74,1.046,Kalanki,0.0,4,46623000.0
12.62,0.789,Sanepa,1.0,18,66762000.0
11.75,0.734,Baluwatar,2.5,23,74991000.0
13.86,0.866,Budhanilkantha,2.0,21,37448000.0
2.71,0.169,Kalanki,2.0,9,11849000.0
12.22,0.764,Baluwatar,1.0,25,73276000.0
19.48,1.218,Sanepa,2.5,22,100175000.0
17.2,1.075,Budhanilkantha,2.0,17,46303000.0
4.17,0.261,Koteshwor,3.0,1,20503000.0
15.05,0.941,Chabahil,2.0,11,55089000.0
13.27,0.829,Baneshwor,2.0,15,55743000.0
2.44,0.152,Gongabu,3.0,9,12835000.0
8.31,0.519,Chabahil,0.0,29,24834000.0
13.3,0.831,Kirtipur,1.0,23,26972000.0
15.28,0.955,Budhanilkantha,0.0,29,33332000.0
7.17,0.448,Boudha,2.5,3,27206000.0
9.7,0.606,Lazimpat,2.0,16,57678000.0
19.1,1.194,Jhamsikhel,1.0,28,89085000.0
10.41,0.651,Budhanilkantha,3.0,12,31157000.0
6.17,0.386,New Baneshwor,2.5,19,26846000.0
5.18,0.324,Kirtipur,0.0,25,9434000.0
8.3,0.519,Kalimati,2.0,4,31421000.0
5.13,0.321,Jhamsikhel,2.0,9,28356000.0
4.77,0.298,Naxal,1.0,2,32488000.0
17.48,1.093,Kalanki,3.0,10,48537000.0
10.58,0.661,Sanepa,3.0,2,65325000.0
15.23,0.952,Koteshwor,2.0,1,53474000.0
47.04,2.94,Budhanilkantha,2.0,15,116844000.0
57.44,3.59,Baluwatar,2.0,29,328395000.0
13.92,0.87,Kalimati,2.0,7,49908000.0
6.42,0.401,Sanepa,3.0,26,35854000.0
6.3,0.394,Kalanki,2.0,20,20427000.0
19.3,1.206,New Baneshwor,0.0,24,66069000.0
53.92,3.37,New Baneshwor,2.5,20,192463000.0
6.66,0.416,Kirtipur,1.0,1,16422000.0
12.08,0.755,Kirtipur,1.0,7,28960000.0
23.84,1.49,Sanepa,2.0,6,137192000.0
9.06,0.566,Bhaktapur,3.0,14,22524000.0
15.88,0.993,Chabahil,2.0,16,56202000.0
12.16,0.76,Baluwatar,3.0,17,79420000.0
3.18,0.199,Boudha,1.0,0,13370000.0
6.55,0.409,Budhanilkantha,2.0,22,16986000.0
16.87,1.054,New Baneshwor,1.0,10,61831000.0
6.14,0.384,Naxal,1.0,10,39865000.0
19.36,1.21,Bhaktapur,1.0,18,38430000.0
7.77,0.486,Sanepa,1.0,5,43258000.0
11.78,0.736,Budhanilkantha,1.0,27,29791000.0
16.64,1.04,Baluwatar,2.5,26,101333000.0
18.41,1.151,Bhaktapur,2.0,25,38495000.0
2.02,0.126,Kirtipur,1.0,6,5428000.0
4.89,0.306,Baneshwor,2.0,21,23626000.0
9.8,0.613,Lazimpat,1.0,12,59449000.0
12.8,0.8,Naxal,2.0,10,80865000.0
18.34,1.146,Baluwatar,2.0,10,121203000.0
2.33,0.146,Kalanki,2.0,21,8688000.0
15.96,0.998,Jhamsikhel,1.0,17,79174000.0
54.24,3.39,Boudha,2.0,25,164825000.0
5.62,0.351,Naxal,2.5,25,34767000.0
4.24,0.265,Baluwatar,0.0,26,23943000.0
13.03,0.814,Baneshwor,2.5,8,56823000.0
13.02,0.814,Kirtipur,2.0,6,33035000.0
16.71,1.044,Bhaktapur,2.0,25,35848000.0
4.87,0.304,Gongabu,2.0,12,16100000.0
8.06,0.504,Sanepa,3.0,7,48737000.0
14.95,0.934,Gongabu,1.0,21,39437000.0
13.71,0.857,Koteshwor,2.0,9,45490000.0
10.33,0.646,Budhanilkantha,3.0,29,26402000.0
9.66,0.604,Kalimati,2.5,3,36977000.0
12.42,0.776,Naxal,0.0,3,80685000.0
17.72,1.107,Naxal,2.5,1,117219000.0
13.37,0.836,Sanepa,1.0,14,69972000.0
18.36,1.147,Kalimati,2.0,22,58380000.0
10.86,0.679,Lazimpat,0.0,29,51750000.0
11.27,0.704,Boudha,2.0,24,37648000.0
6.65,0.416,Kalanki,0.0,4,16901000.0
4.36,0.273,Baluwatar,1.0,12,29995000.0
11.36,0.71,Baneshwor,2.0,9,48161000.0
6.48,0.405,Kalanki,3.0,10,21175000.0
49.28,3.08,Gongabu,2.0,4,140939000.0
16.5,1.031,Baluwatar,3.0,27,101877000.0
3.03,0.189,Jhamsikhel,3.0,4,24352000.0
6.04,0.378,Boudha,3.0,4,26103000.0
9.15,0.572,Kirtipur,3.0,17,21736000.0
26.08,1.63,Chabahil,3.0,28,85754000.0
11.58,0.724,Naxal,0.0,22,61457000.0
60.64,3.79,Boudha,2.0,27,180505000.0
6.6,0.412,Lazimpat,2.5,0,46925000.0
2.32,0.145,Kalimati,2.0,17,10966000.0
52.48,3.28,Gongabu,2.0,3,153695000.0
16.88,1.055,Sanepa,2.0,15,91520000.0
7.73,0.483,Naxal,2.0,0,52631000.0
3.63,0.227,Bhaktapur,1.0,8,10622000.0
16.54,1.034,Jhamsikhel,3.0,17,87508000.0
16.72,1.045,New Baneshwor,1.0,23,57150000.0
9.13,0.571,Baluwatar,2.0,20,59953000.0
6.28,0.393,Boudha,2.0,16,23497000.0
13.15,0.822,Koteshwor,2.0,13,42943000.0
11.34,0.709,Lazimpat,3.0,5,72386000.0
12.94,0.809,Budhanilkantha,2.0,15,33505000.0
19.2,1.2,Kirtipur,2.5,12,46224000.0
6.38,0.399,Lazimpat,2.0,10,39871000.0
8.33,0.521,Jhamsikhel,1.0,1,47662000.0
16.45,1.028,Kirtipur,2.0,2,43472000.0
14.89,0.931,Kalimati,3.0,16,51545000.0
5.27,0.329,New Baneshwor,1.0,12,22705000.0
39.84,2.49,Budhanilkantha,3.0,9,104665000.0
2.78,0.174,Baneshwor,1.0,9,12612000.0
16.75,1.047,Boudha,2.0,21,55475000.0
17.12,1.07,Koteshwor,2.5,7,59491000.0
16.05,1.003,Baluwatar,2.5,17,103607000.0
42.88,2.68,Kalanki,2.0,0,121990000.0
15.26,0.954,Lazimpat,2.0,1,94250000.0
12.93,0.808,Lazimpat,1.0,10,75871000.0
3.05,0.191,Kirtipur,3.0,24,11850000.0
10.02,0.626,Sanepa,2.0,8,57046000.0
16.74,1.046,New Baneshwor,2.5,3,67518000.0
13.62,0.851,Kirtipur,1.0,3,32971000.0
8.18,0.511,Koteshwor,0.0,6,24859000.0
43.84,2.74,Lazimpat,3.0,7,260792000.0
6.15,0.384,Naxal,1.0,25,36404000.0
8.0,0.5,Naxal,2.0,21,51104000.0
13.43,0.839,Jhamsikhel,1.0,14,68018000.0
2.02,0.126,Kalanki,2.0,15,8727000.0
8.89,0.556,Jhamsikhel,2.0,22,45912000.0
3.67,0.229,Kalanki,0.0,21,9712000.0
12.95,0.809,New Baneshwor,2.5,11,51016000.0
8.23,0.514,Naxal,2.0,24,48042000.0
7.03,0.439,Chabahil,2.0,25,26402000.0
12.2,0.762,Chabahil,1.0,19,41269000.0
11.72,0.733,Budhanilkantha,2.0,12,33213000.0
7.81,0.488,Jhamsikhel,1.0,2,44743000.0
19.23,1.202,Naxal,2.0,17,114885000.0
12.91,0.807,Baneshwor,2.0,0,57801000.0
7.72,0.482,Baneshwor,2.0,2,35036000.0
11.11,0.694,Koteshwor,3.0,14,37467000.0
4.2,0.263,Gongabu,1.0,27,8499000.0
2.01,0.126,Gongabu,2.0,10,9409000.0
8.96,0.56,Gongabu,2.5,4,28929000.0
13.15,0.822,Chabahil,3.0,14,49266000.0
3.34,0.209,Sanepa,1.0,27,18117000.0
13.4,0.838,Gongabu,2.5,7,40820000.0
5.13,0.321,New Baneshwor,2.0,3,22256000.0
13.77,0.861,Jhamsikhel,2.0,2,77794000.0
5.18,0.324,Gongabu,2.5,28,16911000.0
16.23,1.014,Chabahil,2.5,20,56393000.0
13.14,0.821,Kalimati,0.0,12,40510000.0
10.99,0.687,Gongabu,1.0,22,29312000.0
7.84,0.49,Kirtipur,2.0,27,19111000.0
16.13,1.008,Boudha,1.0,12,55577000.0
7.68,0.48,Bhaktapur,2.5,0,20606000.0
58.56,3.66,Naxal,2.5,20,336946000.0
18.11,1.132,New Baneshwor,1.0,7,70216000.0
15.27,0.954,Boudha,2.0,0,58155000.0
12.8,0.8,Koteshwor,2.0,10,42773000.0
15.28,0.955,Baluwatar,2.0,25,92551000.0
15.94,0.996,Jhamsikhel,2.5,6,87292000.0
15.76,0.985,Lazimpat,0.0,9,88512000.0
18.18,1.136,Bhaktapur,2.5,7,39856000.0
22.24,1.39,Naxal,2.5,3,147386000.0
10.61,0.663,Kalanki,1.0,17,27780000.0
12.48,0.78,Naxal,2.5,15,76585000.0
2.79,0.174,Gongabu,3.0,16,11970000.0
9.0,0.562,Chabahil,3.0,17,33346000.0
14.17,0.886,Kirtipur,3.0,18,32610000.0
17.83,1.114,Bhaktapur,3.0,11,41934000.0
5.98,0.374,Naxal,2.5,29,37475000.0
25.92,1.62,Gongabu,3.0,21,71706000.0
15.1,0.944,Baneshwor,1.0,1,65515000.0
4.71,0.294,Budhanilkantha,2.5,11,16895000.0
15.38,0.961,Chabahil,1.0,2,59407000.0
17.79,1.112,New Baneshwor,1.0,4,71167000.0
16.61,1.038,Kalimati,2.5,11,59103000.0
15.36,0.96,Chabahil,2.0,13,54755000.0
8.75,0.547,Chabahil,2.0,8,32248000.0
10.47,0.654,Sanepa,3.0,18,57306000.0
13.58,0.849,Jhamsikhel,3.0,9,73658000.0
17.92,1.12,Lazimpat,2.0,9,108419000.0
8.98,0.561,Jhamsikhel,2.0,16,50678000.0
20.64,1.29,Koteshwor,2.0,19,63007000.0
12.79,0.799,Kirtipur,1.0,18,27803000.0
46.88,2.93,Kirtipur,2.5,11,105907000.0
16.85,1.053,Baneshwor,2.0,18,65908000.0
8.69,0.543,New Baneshwor,2.0,16,33583000.0
15.21,0.951,Chabahil,2.0,21,54329000.0
14.35,0.897,Bhaktapur,2.5,14,31180000.0
19.11,1.194,Chabahil,1.0,4,68147000.0
12.54,0.784,Boudha,1.0,21,38707000.0
16.09,1.006,Baluwatar,1.0,18,101209000.0
10.66,0.666,Boudha,2.0,20,36161000.0
13.36,0.835,Lazimpat,2.5,29,68149000.0
11.2,0.7,Kalanki,2.0,13,31660000.0
18.61,1.163,Gongabu,3.0,24,50235000.0
16.17,1.011,Sanepa,1.0,9,87921000.0
17.21,1.076,Baneshwor,0.0,5,69148000.0
12.12,0.757,Jhamsikhel,2.0,20,61945000.0
3.56,0.223,Baluwatar,0.0,14,22601000.0
9.08,0.568,Budhanilkantha,2.0,25,24235000.0
10.9,0.681,Bhaktapur,1.0,20,20879000.0
7.56,0.472,Koteshwor,2.0,20,26022000.0
2.4,0.15,Kalanki,1.0,20,8338000.0
19.65,1.228,New Baneshwor,3.0,28,69471000.0
16.25,1.016,Kalimati,2.0,16,53741000.0
4.54,0.284,Baluwatar,2.5,21,30646000.0
56.32,3.52,Naxal,2.0,18,327281000.0
28.0,1.75,Koteshwor,0.0,2,90494000.0
8.12,0.507,Budhanilkantha,1.0,20,22202000.0
15.04,0.94,Baneshwor,3.0,14,62064000.0
19.04,1.19,Gongabu,3.0,7,58005000.0
9.03,0.564,Koteshwor,1.0,2,30073000.0
9.15,0.572,Jhamsikhel,2.5,10,49368000.0
6.98,0.436,Gongabu,2.5,7,24052000.0
18.15,1.134,Budhanilkantha,1.0,17,46334000.0
8.54,0.534,New Baneshwor,1.0,26,31073000.0
12.77,0.798,Koteshwor,1.0,22,38381000.0
16.37,1.023,Chabahil,0.0,13,55973000.0
49.44,3.09,Bhaktapur,3.0,22,97039000.0
7.81,0.488,Lazimpat,3.0,27,45138000.0
4.34,0.271,Budhanilkantha,2.0,4,17019000.0
8.82,0.551,Naxal,1.0,2,58362000.0
18.53,1.158,Boudha,2.5,5,66973000.0
7.65,0.478,Budhanilkantha,2.0,23,18795000.0
11.46,0.716,Sanepa,2.5,15,63265000.0
5.44,0.34,Kalanki,2.0,10,17098000.0
15.29,0.956,Bhaktapur,2.0,11,34035000.0
3.91,0.244,Jhamsikhel,2.0,2,24901000.0
5.01,0.313,Gongabu,1.0,19,14008000.0
17.59,1.099,Budhanilkantha,1.0,14,45592000.0
50.72,3.17,Budhanilkantha,2.0,20,123194000.0
13.71,0.857,Boudha,2.0,5,50893000.0
9.02,0.564,New Baneshwor,2.0,13,36636000.0
16.44,1.028,Sanepa,2.0,26,84010000.0
2.49,0.156,Kalanki,1.0,5,7886000.0
14.59,0.912,Sanepa,0.0,27,70591000.0
12.07,0.754,New Baneshwor,2.5,27,45264000.0
4.16,0.26,Kirtipur,0.0,3,8850000.0
39.84,2.49,Kirtipur,1.0,19,80352000.0
12.78,0.799,Chabahil,3.0,26,45684000.0
7.95,0.497,Koteshwor,3.0,21,28988000.0
6.82,0.426,Kirtipur,3.0,13,18958000.0
6.54,0.409,Budhanilkantha,2.0,4,20897000.0
61.6,3.85,Baluwatar,2.0,7,408018000.0
59.04,3.69,Budhanilkantha,2.5,13,150360000.0
19.07,1.192,Boudha,2.0,5,68545000.0
14.18,0.886,Boudha,1.0,27,43035000.0
6.89,0.431,Baneshwor,2.5,26,25924000.0
9.33,0.583,Baluwatar,1.0,21,57049000.0
6.3,0.394,Kalimati,3.0,9,23133000.0
13.21,0.826,Boudha,2.0,13,45107000.0
17.37,1.086,Boudha,1.0,16,55893000.0
7.13,0.446,Chabahil,2.5,6,30150000.0
23.52,1.47,Chabahil,0.0,23,77237000.0
11.57,0.723,Kalanki,2.0,26,30295000.0
33.28,2.08,Chabahil,1.0,13,115027000.0
9.4,0.588,Koteshwor,2.0,7,34039000.0
19.19,1.199,Baluwatar,2.5,25,114672000.0
2.92,0.182,Kalanki,2.5,12,12896000.0
8.64,0.54,Baluwatar,2.0,18,54869000.0
3.28,0.205,Koteshwor,1.0,25,10280000.0
8.51,0.532,Boudha,2.0,10,33373000.0
18.44,1.153,Kirtipur,1.0,24,38331000.0
3.2,0.2,Lazimpat,3.0,15,21815000.0
31.68,1.98,Naxal,2.0,2,205574000.0
39.36,2.46,Lazimpat,2.5,24,208426000.0
29.76,1.86,Kalanki,2.0,10,78706000.0
12.63,0.789,Lazimpat,2.5,11,77325000.0
12.43,0.777,Sanepa,2.0,8,72002000.0
2.49,0.156,Kalimati,2.0,27,8638000.0
4.98,0.311,New Baneshwor,1.0,6,20403000.0
11.31,0.707,Jhamsikhel,2.0,17,60111000.0
16.25,1.016,Chabahil,1.0,10,58681000.0
12.44,0.777,Naxal,2.0,5,83490000.0
19.5,1.219,Jhamsikhel,0.0,29,88793000.0
19.68,1.23,Jhamsikhel,2.0,10,104835000.0
7.64,0.477,Kalimati,2.0,28,26012000.0
8.75,0.547,Boudha,3.0,2,35268000.0
11.82,0.739,Jhamsikhel,1.0,28,55484000.0
15.92,0.995,Boudha,1.0,4,56658000.0
5.03,0.314,Baluwatar,2.5,20,32615000.0
5.19,0.324,Bhaktapur,1.0,20,10868000.0
16.95,1.059,Gongabu,1.0,3,48583000.0
16.7,1.044,Sanepa,2.0,3,97364000.0
7.41,0.463,Baluwatar,2.0,21,46423000.0
55.68,3.48,Lazimpat,2.0,4,334606000.0
41.28,2.58,Sanepa,2.5,1,239687000.0
11.89,0.743,Lazimpat,2.5,4,75174000.0
2.62,0.164,Jhamsikhel,1.0,5,16159000.0
10.85,0.678,Gongabu,2.0,22,30763000.0
12.13,0.758,Baneshwor,2.0,22,45048000.0
18.1,1.131,Naxal,2.0,26,106051000.0
12.65,0.791,Sanepa,3.0,6,74672000.0
43.84,2.74,Jhamsikhel,3.0,0,245111000.0
6.61,0.413,Sanepa,2.0,4,41160000.0
18.73,1.171,Bhaktapur,2.5,21,39569000.0
13.39,0.837,Baneshwor,2.0,20,52102000.0
16.28,1.018,Koteshwor,3.0,2,58999000.0
3.62,0.226,Koteshwor,0.0,29,10642000.0
8.32,0.52,Baluwatar,2.5,7,59638000.0
17.92,1.12,Bhaktapur,2.0,2,41244000.0
14.37,0.898,Kirtipur,1.0,5,32522000.0
53.28,3.33,Koteshwor,2.0,12,165651000.0
16.3,1.019,Baluwatar,2.0,15,106009000.0
30.56,1.91,Naxal,1.0,14,182300000.0
9.29,0.581,New Baneshwor,0.0,26,32220000.0
6.07,0.379,New Baneshwor,1.0,8,26415000.0
11.06,0.691,Budhanilkantha,2.0,29,27326000.0
3.29,0.206,Jhamsikhel,1.0,17,18979000.0
12.14,0.759,Koteshwor,1.0,3,41431000.0
9.23,0.577,New Baneshwor,3.0,13,39699000.0
7.72,0.482,Kalanki,2.0,16,23669000.0
12.68,0.792,Kalimati,0.0,16,40193000.0
16.88,1.055,Boudha,1.0,10,56231000.0
12.29,0.768,Chabahil,3.0,17,46682000.0
14.15,0.884,Bhaktapur,2.0,16,30656000.0
18.74,1.171,Kalimati,2.5,24,60520000.0
4.33,0.271,Baluwatar,2.5,3,35067000.0
10.56,0.66,Kirtipur,2.0,18,24909000.0
17.58,1.099,Bhaktapur,2.0,2,40021000.0
15.87,0.992,Naxal,0.0,8,97055000.0
14.95,0.934,Boudha,2.0,8,55099000.0
13.66,0.854,Chabahil,2.0,3,50670000.0
4.26,0.266,Koteshwor,1.0,2,16536000.0
46.24,2.89,Gongabu,1.0,21,118121000.0
16.82,1.051,Sanepa,2.0,21,88118000.0
46.56,2.91,Gongabu,2.0,12,128109000.0
7.94,0.496,Kalanki,2.0,11,22697000.0
17.8,1.113,Koteshwor,2.0,25,51628000.0
5.96,0.372,Gongabu,3.0,27,21161000.0
3.37,0.211,Chabahil,2.5,14,15336000.0
8.15,0.509,Bhaktapur,2.0,22,17966000.0
12.27,0.767,Jhamsikhel,1.0,15,63096000.0
11.85,0.741,Budhanilkantha,2.5,7,34758000.0
5.73,0.358,Kalanki,1.0,26,14908000.0
45.6,2.85,Budhanilkantha,3.0,3,122541000.0
11.55,0.722,Kalanki,2.0,19,30086000.0
18.13,1.133,Gongabu,2.5,24,48580000.0
19.67,1.229,Boudha,2.0,7,71375000.0
19.05,1.191,Chabahil,1.0,5,67991000.0
3.09,0.193,Gongabu,0.0,13,7226000.0
7.43,0.464,Baneshwor,1.0,1,35179000.0
19.32,1.208,Boudha,1.0,5,67100000.0
10.25,0.641,Kalimati,1.0,2,38082000.0
18.16,1.135,Boudha,2.5,11,63282000.0
43.68,2.73,Baneshwor,3.0,27,159110000.0
11.41,0.713,Bhaktapur,1.0,11,26907000.0
2.23,0.139,New Baneshwor,1.0,5,8713000.0
8.39,0.524,Sanepa,3.0,16,49143000.0
17.38,1.086,New Baneshwor,2.5,29,61257000.0
10.25,0.641,Budhanilkantha,1.0,16,28228000.0
17.04,1.065,Baneshwor,2.0,3,73972000.0
16.49,1.031,Bhaktapur,1.0,20,33739000.0
6.57,0.411,Koteshwor,0.0,26,17579000.0
2.01,0.126,Sanepa,1.0,3,13944000.0
11.23,0.702,Sanepa,2.0,6,65089000.0
9.76,0.61,Jhamsikhel,3.0,2,55926000.0
8.95,0.559,Naxal,2.0,20,55688000.0
18.24,1.14,Jhamsikhel,3.0,25,90255000.0
6.12,0.383,Chabahil,1.0,0,22981000.0
6.05,0.378,Naxal,2.0,3,44351000.0
17.11,1.069,Sanepa,2.0,12,92228000.0
17.23,1.077,Budhanilkantha,2.0,4,48179000.0
5.68,0.355,Budhanilkantha,1.0,7,18088000.0
2.59,0.162,Sanepa,0.0,13,10486000.0
2.86,0.179,Koteshwor,2.0,3,13017000.0
16.85,1.053,Koteshwor,3.0,1,58001000.0
9.05,0.566,New Baneshwor,2.5,20,36357000.0
3.1,0.194,Kalanki,0.0,5,6922000.0
2.93,0.183,Sanepa,3.0,3,20497000.0
13.53,0.846,Baneshwor,2.5,8,56270000.0
6.55,0.409,Kirtipur,1.0,18,14308000.0
19.99,1.249,Kirtipur,3.0,3,49440000.0
29.28,1.83,Lazimpat,2.0,22,159830000.0
23.04,1.44,Kalimati,2.0,29,69467000.0
4.34,0.271,Jhamsikhel,1.0,4,23175000.0
5.1,0.319,Baluwatar,3.0,16,37577000.0
52.96,3.31,Bhaktapur,2.0,14,107897000.0
8.2,0.512,New Baneshwor,2.5,1,36042000.0
4.83,0.302,Baneshwor,2.5,16,21431000.0
9.84,0.615,Gongabu,1.0,0,31768000.0
8.92,0.557,Bhaktapur,2.5,18,17368000.0
47.36,2.96,Sanepa,2.5,13,253554000.0
11.84,0.74,Boudha,2.0,16,39940000.0
14.93,0.933,Lazimpat,1.0,5,90076000.0
7.22,0.451,Budhanilkantha,2.5,23,21331000.0
6.51,0.407,Kalanki,3.0,23,19139000.0
38.72,2.42,Koteshwor,2.0,29,108938000.0
13.18,0.824,Lazimpat,2.0,0,84052000.0
7.14,0.446,Koteshwor,1.0,15,24171000.0
3.02,0.189,Baneshwor,2.0,14,14492000.0
15.52,0.97,New Baneshwor,3.0,23,58679000.0
9.78,0.611,Koteshwor,0.0,24,27845000.0
4.04,0.253,Naxal,2.0,29,25106000.0
9.61,0.601,Naxal,2.0,26,56204000.0
6.83,0.427,Naxal,2.0,27,39732000.0
12.87,0.804,Baneshwor,1.0,6,55779000.0
13.67,0.854,Sanepa,2.0,29,67208000.0
6.52,0.407,Baneshwor,2.0,9,30410000.0
12.76,0.797,Chabahil,1.0,28,42645000.0
16.64,1.04,Sanepa,1.0,14,89398000.0
9.35,0.584,Kirtipur,2.0,16,24431000.0
10.1,0.631,New Baneshwor,1.0,0,42625000.0
19.59,1.224,Bhaktapur,2.0,16,43036000.0
3.67,0.229,Chabahil,0.0,26,11720000.0
15.02,0.939,Jhamsikhel,3.0,25,75618000.0
13.48,0.843,Gongabu,2.5,9,42033000.0
15.3,0.956,Lazimpat,0.0,14,83856000.0
6.87,0.429,Baluwatar,3.0,15,46994000.0
14.11,0.882,Kirtipur,2.0,17,30236000.0
16.49,1.031,New Baneshwor,2.0,18,62830000.0
15.37,0.961,Sanepa,3.0,23,80088000.0
28.8,1.8,Koteshwor,1.0,8,90685000.0
18.12,1.133,Gongabu,0.0,8,51108000.0
13.34,0.834,Chabahil,2.0,10,49342000.0
18.85,1.178,Naxal,2.0,27,107171000.0
9.99,0.624,Budhanilkantha,1.0,24,22549000.0
18.69,1.168,Chabahil,1.0,14,66205000.0
13.79,0.862,Sanepa,3.0,0,84054000.0
13.96,0.873,Baluwatar,2.5,6,95344000.0
3.99,0.249,Budhanilkantha,0.0,4,10234000.0
8.42,0.526,Kalimati,2.5,25,29913000.0
5.89,0.368,Kalanki,3.0,22,18013000.0
6.17,0.386,Kalimati,1.0,16,19240000.0
54.4,3.4,Kalanki,1.0,6,145781000.0
10.31,0.644,Baluwatar,2.0,29,62866000.0
10.27,0.642,Baneshwor,1.0,22,37818000.0
15.33,0.958,New Baneshwor,2.5,20,58707000.0
7.34,0.459,Baneshwor,0.0,21,26478000.0
12.48,0.78,Kalimati,2.0,1,46535000.0
5.0,0.312,Gongabu,2.0,14,15943000.0
19.75,1.234,Gongabu,2.0,8,57062000.0
14.22,0.889,Kirtipur,2.5,7,35560000.0
12.36,0.772,Sanepa,2.0,28,60659000.0
10.92,0.682,Boudha,1.0,28,34083000.0
50.88,3.18,New Baneshwor,1.0,2,199498000.0
15.98,0.999,Baluwatar,2.5,29,94730000.0
5.99,0.374,Budhanilkantha,1.0,25,14425000.0
14.55,0.909,Kalanki,2.5,23,39249000.0
24.0,1.5,Sanepa,2.0,6,135881000.0
9.28,0.58,Sanepa,2.0,14,51831000.0
23.68,1.48,Koteshwor,0.0,1,76084000.0
5.27,0.329,Baneshwor,3.0,7,26733000.0
11.24,0.703,Boudha,2.0,21,37272000.0
2.77,0.173,Bhaktapur,1.0,2,6119000.0
8.74,0.546,Chabahil,2.5,27,29453000.0
18.73,1.171,Kalimati,1.0,29,54460000.0
3.72,0.233,Gongabu,2.0,23,15393000.0
9.67,0.604,Kalanki,2.5,25,27890000.0
2.26,0.141,Kalimati,2.0,18,11243000.0
13.92,0.87,Boudha,2.0,27,43795000.0
13.77,0.861,Budhanilkantha,3.0,3,40542000.0
4.82,0.301,Lazimpat,2.0,9,30357000.0
6.35,0.397,Koteshwor,3.0,26,24721000.0
11.13,0.696,Kirtipur,2.0,14,25596000.0
13.87,0.867,Sanepa,1.0,16,73558000.0
13.46,0.841,Baneshwor,2.0,2,57777000.0
7.01,0.438,Gongabu,2.0,26,19613000.0
51.52,3.22,Baneshwor,2.5,14,200928000.0
15.46,0.966,Jhamsikhel,2.0,0,88896000.0
6.75,0.422,Baluwatar,3.0,28,44233000.0
16.11,1.007,Koteshwor,3.0,24,48588000.0
15.25,0.953,Chabahil,3.0,6,59431000.0
14.72,0.92,Chabahil,0.0,5,52467000.0
18.8,1.175,Jhamsikhel,2.5,26,90105000.0
17.29,1.081,Jhamsikhel,2.0,21,85997000.0
25.44,1.59,Budhanilkantha,0.0,21,59890000.0
4.39,0.274,Bhaktapur,0.0,10,10376000.0
17.56,1.097,Sanepa,2.0,9,98519000.0
14.73,0.921,Sanepa,2.0,10,81800000.0
18.71,1.169,Bhaktapur,2.0,13,42130000.0
19.66,1.229,Lazimpat,3.0,3,124403000.0
12.68,0.792,Kalimati,3.0,10,45639000.0
18.95,1.184,Baneshwor,2.0,20,74576000.0
14.55,0.909,New Baneshwor,0.0,8,56672000.0
5.23,0.327,New Baneshwor,0.0,11,19731000.0
17.07,1.067,Naxal,0.0,13,101456000.0
19.3,1.206,Koteshwor,2.0,2,64394000.0
4.77,0.298,Kalimati,2.5,4,19645000.0
8.39,0.524,Chabahil,2.5,21,31513000.0
3.52,0.22,Boudha,3.0,19,16701000.0
19.57,1.223,New Baneshwor,1.0,23,69427000.0
17.92,1.12,Lazimpat,3.0,8,109470000.0
15.97,0.998,Koteshwor,1.0,13,50009000.0
9.13,0.571,New Baneshwor,3.0,16,37218000.0
10.55,0.659,Gongabu,1.0,17,28947000.0
32.48,2.03,Kalimati,3.0,19,101776000.0
13.35,0.834,Koteshwor,1.0,28,37543000.0
8.58,0.536,Gongabu,2.0,3,27478000.0
63.2,3.95,Bhaktapur,0.0,23,116329000.0
14.72,0.92,Naxal,2.5,13,92458000.0
7.61,0.476,Koteshwor,1.0,11,23752000.0
9.95,0.622,Kirtipur,2.5,9,25821000.0
8.25,0.516,Kalanki,2.0,17,23107000.0
5.59,0.349,Koteshwor,2.0,14,19999000.0
10.48,0.655,Chabahil,2.0,8,41010000.0
13.85,0.866,Gongabu,3.0,24,37594000.0
11.25,0.703,Jhamsikhel,1.0,7,59665000.0
11.18,0.699,Baluwatar,2.0,12,77228000.0
18.78,1.174,Jhamsikhel,2.0,12,98774000.0
55.84,3.49,Baneshwor,1.0,20,206472000.0
12.87,0.804,Naxal,3.0,5,85399000.0
16.14,1.009,Koteshwor,3.0,2,57147000.0
16.33,1.021,Chabahil,3.0,29,55493000.0
5.93,0.371,Budhanilkantha,2.0,25,18800000.0
16.27,1.017,Boudha,2.0,19,54629000.0
10.25,0.641,Baluwatar,1.0,14,64821000.0
24.32,1.52,Chabahil,3.0,7,89453000.0
10.43,0.652,Budhanilkantha,2.5,16,30618000.0
12.74,0.796,Baneshwor,3.0,6,58559000.0
16.9,1.056,Naxal,2.0,12,103452000.0
11.18,0.699,Budhanilkantha,0.0,20,26954000.0
17.35,1.084,Jhamsikhel,2.5,8,93018000.0
15.92,0.995,Budhanilkantha,2.0,24,39487000.0
14.52,0.907,Koteshwor,2.5,10,50819000.0
5.79,0.362,Chabahil,2.0,25,20816000.0
18.69,1.168,Lazimpat,0.0,21,101158000.0
7.27,0.454,Sanepa,3.0,20,42032000.0
43.68,2.73,Budhanilkantha,2.0,26,100257000.0
12.79,0.799,Naxal,2.5,19,79081000.0
8.12,0.507,Kalimati,0.0,12,26960000.0
16.3,1.019,New Baneshwor,1.0,27,57028000.0
17.29,1.081,Koteshwor,1.0,9,54690000.0
4.97,0.311,Jhamsikhel,1.0,14,25326000.0
8.15,0.509,Gongabu,2.0,12,23464000.0
58.72,3.67,Kirtipur,2.5,19,123131000.0
7.3,0.456,Kalimati,2.5,2,29929000.0
17.41,1.088,Kalimati,3.0,17,57528000.0
7.38,0.461,New Baneshwor,1.0,15,27738000.0
17.54,1.096,Kalimati,1.0,19,54357000.0
4.1,0.256,Kirtipur,2.0,28,12314000.0
12.5,0.781,Kirtipur,2.0,25,25875000.0
20.16,1.26,Baluwatar,2.0,22,125584000.0
12.09,0.756,Sanepa,0.0,19,62029000.0
16.04,1.002,New Baneshwor,2.0,25,56248000.0
6.07,0.379,Boudha,2.0,26,21394000.0
13.1,0.819,Baluwatar,2.0,10,85735000.0
9.62,0.601,Boudha,1.0,29,30278000.0
6.32,0.395,Budhanilkantha,0.0,1,16866000.0
19.81,1.238,New Baneshwor,1.0,0,79727000.0
18.16,1.135,Budhanilkantha,2.5,14,46151000.0
2.93,0.183,Koteshwor,1.0,21,9774000.0
8.45,0.528,Baluwatar,2.5,12,57470000.0
15.71,0.982,Boudha,2.0,12,53006000.0
2.3,0.144,Lazimpat,3.0,4,19452000.0
7.61,0.476,Kalimati,1.0,5,29394000.0
7.98,0.499,Bhaktapur,2.5,24,18874000.0
15.92,0.995,New Baneshwor,2.0,14,60383000.0
6.17,0.386,Baluwatar,2.0,2,45780000.0
18.19,1.137,Boudha,1.0,17,59419000.0
11.57,0.723,Bhaktapur,1.0,13,23654000.0
16.89,1.056,Koteshwor,1.0,29,46262000.0
17.83,1.114,Kalimati,1.0,2,64153000.0
17.06,1.066,Kalanki,3.0,6,50418000.0
7.7,0.481,Sanepa,2.0,15,43783000.0
9.17,0.573,Lazimpat,2.5,1,61877000.0
2.15,0.134,Boudha,2.5,23,8619000.0
9.81,0.613,New Baneshwor,2.0,14,37772000.0
18.23,1.139,Bhaktapur,1.0,5,39316000.0
17.43,1.089,Kalanki,2.5,23,46111000.0
29.44,1.84,Baneshwor,1.0,22,110595000.0
7.48,0.468,Baluwatar,1.0,8,51792000.0
9.56,0.598,Sanepa,2.0,19,50486000.0
9.96,0.623,Boudha,3.0,9,38000000.0
8.13,0.508,Kalanki,0.0,8,20624000.0
2.43,0.152,Kalimati,3.0,20,11570000.0
20.96,1.31,New Baneshwor,3.0,1,87024000.0
2.17,0.136,Chabahil,0.0,2,7694000.0
16.07,1.004,Kalimati,1.0,10,53578000.0
2.11,0.132,Boudha,1.0,25,7465000.0
15.53,0.971,Chabahil,2.0,14,54100000.0
6.07,0.379,Budhanilkantha,0.0,20,13838000.0
33.28,2.08,Kalimati,2.0,28,97087000.0
2.92,0.182,Kirtipur,2.5,27,8912000.0
9.1,0.569,Boudha,2.0,13,32151000.0
4.77,0.298,Lazimpat,2.5,19,29435000.0
9.35,0.584,Budhanilkantha,1.0,15,24809000.0
5.48,0.343,Sanepa,3.0,29,32654000.0
18.12,1.133,Jhamsikhel,1.0,3,99534000.0
16.87,1.054,Jhamsikhel,2.0,8,90520000.0
4.81,0.301,Naxal,2.0,29,29561000.0
16.29,1.018,Jhamsikhel,2.0,2,88126000.0
19.73,1.233,Boudha,2.0,1,74699000.0
17.31,1.082,Koteshwor,0.0,13,51013000.0
16.82,1.051,Budhanilkantha,0.0,22,39502000.0
57.76,3.61,Gongabu,1.0,27,144503000.0
15.78,0.986,Budhanilkantha,2.0,1,44459000.0
14.13,0.883,Chabahil,1.0,12,49658000.0
12.7,0.794,Sanepa,2.5,1,75248000.0
14.46,0.904,Bhaktapur,1.0,7,30866000.0
5.94,0.371,Koteshwor,2.0,4,22114000.0
49.12,3.07,Naxal,1.0,1,316882000.0
7.98,0.499,Kalanki,0.0,11,21827000.0
43.36,2.71,Bhaktapur,2.0,0,96444000.0
7.33,0.458,Jhamsikhel,3.0,24,41681000.0
11.84,0.74,Koteshwor,2.0,4,43706000.0
17.53,1.096,Kirtipur,1.0,21,35535000.0
19.9,1.244,Kirtipur,2.5,23,44855000.0
13.06,0.816,Baluwatar,1.0,5,89234000.0
32.8,2.05,Koteshwor,2.5,13,101964000.0
17.07,1.067,Bhaktapur,1.0,28,31110000.0
7.19,0.449,Jhamsikhel,1.0,13,38419000.0
26.08,1.63,Baluwatar,1.0,27,151318000.0
16.82,1.051,Koteshwor,2.0,4,56888000.0
8.91,0.557,Baneshwor,2.0,1,38954000.0
4.48,0.28,New Baneshwor,2.5,10,20429000.0
11.57,0.723,Baneshwor,0.0,25,41000000.0
7.5,0.469,Budhanilkantha,2.0,16,22808000.0
7.67,0.479,Jhamsikhel,2.0,18,42049000.0
14.61,0.913,Gongabu,2.5,8,46116000.0
15.14,0.946,Sanepa,2.5,12,85934000.0
13.11,0.819,Gongabu,1.0,21,35768000.0
61.92,3.87,Koteshwor,1.0,15,184674000.0
11.2,0.7,Kalanki,3.0,6,33787000.0
6.21,0.388,Budhanilkantha,1.0,25,15890000.0
6.54,0.409,Sanepa,2.0,5,40667000.0
16.58,1.036,Gongabu,1.0,26,43426000.0
18.4,1.15,Gongabu,2.5,13,54393000.0
50.88,3.18,Bhaktapur,1.0,21,96546000.0
10.18,0.636,Bhaktapur,2.0,10,24383000.0
4.17,0.261,Kalanki,2.0,27,14441000.0
11.11,0.694,Boudha,0.0,13,35185000.0
10.13,0.633,Gongabu,3.0,29,29401000.0
8.97,0.561,Kalanki,2.0,14,27353000.0
3.11,0.194,Baneshwor,2.0,22,14104000.0
10.59,0.662,Baluwatar,2.0,6,73921000.0
8.09,0.506,Naxal,1.0,0,53819000.0
3.05,0.191,Jhamsikhel,0.0,0,16782000.0
12.39,0.774,Naxal,1.0,28,68720000.0
18.34,1.146,Chabahil,1.0,17,59648000.0
16.48,1.03,Boudha,2.0,26,52812000.0
12.56,0.785,Kirtipur,1.0,3,32755000.0
13.34,0.834,Baneshwor,2.0,29,48500000.0
56.96,3.56,Boudha,1.0,22,173913000.0
2.73,0.171,Baneshwor,2.0,21,14052000.0
63.04,3.94,Kirtipur,0.0,20,125896000.0
4.38,0.274,Boudha,2.0,14,17362000.0
5.89,0.368,Naxal,2.5,0,42232000.0
16.87,1.054,Budhanilkantha,1.0,17,41179000.0
13.37,0.836,Naxal,2.0,24,77540000.0
19.24,1.202,Lazimpat,1.0,13,109375000.0
5.33,0.333,Baluwatar,2.0,4,39133000.0
17.07,1.067,Kalimati,2.0,26,52738000.0
49.6,3.1,Budhanilkantha,2.0,28,112405000.0
17.39,1.087,Baneshwor,2.0,28,65385000.0
2.13,0.133,Jhamsikhel,0.0,2,11064000.0
19.9,1.244,New Baneshwor,2.0,8,78680000.0
7.95,0.497,Lazimpat,2.5,15,46882000.0
18.86,1.179,Koteshwor,1.0,24,54622000.0
3.06,0.191,Kalanki,2.0,5,10448000.0
60.0,3.75,Chabahil,2.0,10,210732000.0
9.45,0.591,Chabahil,2.0,19,35807000.0
3.77,0.236,Jhamsikhel,3.0,2,26417000.0
6.26,0.391,New Baneshwor,0.0,24,21245000.0
14.2,0.887,Naxal,1.0,22,82762000.0
8.3,0.519,Boudha,2.5,10,30977000.0
17.74,1.109,New Baneshwor,2.5,21,68543000.0
5.26,0.329,Chabahil,1.0,21,18356000.0
9.56,0.598,Gongabu,2.0,26,25990000.0
46.72,2.92,Kirtipur,2.0,1,109529000.0
9.25,0.578,Koteshwor,2.0,22,30038000.0
4.39,0.274,Sanepa,2.5,11,27211000.0
18.33,1.146,Baneshwor,2.0,24,67556000.0
9.53,0.596,New Baneshwor,3.0,29,35305000.0
4.91,0.307,Naxal,1.0,24,27675000.0
2.45,0.153,Koteshwor,2.0,9,10317000.0
6.7,0.419,Bhaktapur,2.5,8,16514000.0
10.79,0.674,Koteshwor,1.0,22,31958000.0
12.79,0.799,Baneshwor,1.0,8,51723000.0
15.22,0.951,Chabahil,1.0,12,51242000.0
5.14,0.321,Naxal,0.0,2,31739000.0
5.53,0.346,Sanepa,2.0,12,32457000.0
18.03,1.127,Kirtipur,2.0,1,44992000.0
12.3,0.769,Baneshwor,1.0,18,49127000.0
6.44,0.403,Bhaktapur,2.0,1,19144000.0
3.47,0.217,Baneshwor,2.5,6,20499000.0
5.85,0.366,Kalimati,0.0,27,18244000.0
14.04,0.877,Jhamsikhel,1.0,8,72971000.0
16.64,1.04,Baluwatar,2.5,19,106620000.0
18.77,1.173,Budhanilkantha,2.5,9,52407000.0
17.84,1.115,Boudha,1.0,15,56380000.0
15.68,0.98,Gongabu,2.0,1,47342000.0
19.58,1.224,Gongabu,0.0,6,52663000.0
14.45,0.903,Lazimpat,1.0,17,79022000.0
45.6,2.85,New Baneshwor,2.0,12,172503000.0
9.69,0.606,Sanepa,1.0,21,51047000.0
9.3,0.581,Lazimpat,2.0,18,54618000.0
17.23,1.077,Gongabu,2.0,16,49224000.0
8.11,0.507,Jhamsikhel,3.0,24,44350000.0
16.56,1.035,Naxal,2.0,9,104084000.0
17.43,1.089,Boudha,1.0,1,61854000.0
13.62,0.851,New Baneshwor,1.0,25,48612000.0
16.44,1.028,Kirtipur,0.0,5,35360000.0
15.53,0.971,Baneshwor,3.0,7,67458000.0
17.45,1.091,Bhaktapur,3.0,8,39839000.0
17.71,1.107,Baneshwor,1.0,21,66714000.0
10.56,0.66,New Baneshwor,0.0,5,41087000.0
5.41,0.338,Kalimati,2.0,3,21192000.0
10.3,0.644,Chabahil,3.0,4,41154000.0
8.53,0.533,Bhaktapur,1.0,16,15332000.0
30.88,1.93,Jhamsikhel,1.0,13,157351000.0
6.87,0.429,Naxal,2.0,2,46749000.0
15.96,0.998,Boudha,1.0,28,48251000.0
22.24,1.39,Baluwatar,1.0,13,141739000.0
10.33,0.646,Naxal,2.0,22,60158000.0
10.53,0.658,Koteshwor,2.0,4,37215000.0
10.42,0.651,Koteshwor,2.5,28,33444000.0
4.47,0.279,Kalimati,1.0,15,15130000.0
13.89,0.868,Naxal,2.0,29,77713000.0
29.12,1.82,Jhamsikhel,1.0,4,157346000.0
3.9,0.244,Lazimpat,3.0,10,28264000.0
15.19,0.949,New Baneshwor,2.5,0,65346000.0
14.7,0.919,Baluwatar,2.0,3,100858000.0
6.22,0.389,Bhaktapur,0.0,22,9701000.0
20.96,1.31,Baneshwor,1.0,17,80349000.0
15.3,0.956,Naxal,2.0,10,95963000.0
15.92,0.995,Kalimati,0.0,21,47331000.0
7.77,0.486,Sanepa,2.5,6,49000000.0
17.96,1.123,Baneshwor,3.0,16,73612000.0
7.87,0.492,Kirtipur,1.0,9,18099000.0
58.56,3.66,Sanepa,0.0,26,280444000.0
5.33,0.333,Koteshwor,2.0,21,17876000.0
8.54,0.534,New Baneshwor,3.0,28,33461000.0
17.12,1.07,Kalanki,0.0,29,39789000.0
7.66,0.479,New Baneshwor,1.0,22,27615000.0
7.87,0.492,Koteshwor,3.0,1,31311000.0
56.48,3.53,Boudha,0.0,5,191287000.0
5.82,0.364,Boudha,2.5,27,21815000.0
2.26,0.141,Kalimati,3.0,26,11156000.0
19.15,1.197,Budhanilkantha,2.0,13,49497000.0
14.62,0.914,New Baneshwor,1.0,17,55420000.0
13.94,0.871,Bhaktapur,2.0,14,30792000.0
5.97,0.373,Baneshwor,0.0,0,24794000.0
17.35,1.084,Budhanilkantha,3.0,26,44846000.0
16.92,1.058,Boudha,3.0,15,60806000.0
13.31,0.832,Kalimati,1.0,28,38994000.0
15.42,0.964,Kalanki,2.0,25,37961000.0
13.15,0.822,Bhaktapur,2.0,25,26056000.0
6.35,0.397,Jhamsikhel,1.0,0,35610000.0
12.56,0.785,Bhaktapur,2.5,14,27753000.0
10.44,0.652,Gongabu,2.0,17,31075000.0
14.31,0.894,Boudha,0.0,21,40910000.0
3.0,0.188,Kalimati,2.0,4,11899000.0
59.04,3.69,Baluwatar,2.0,1,405277000.0
25.28,1.58,Gongabu,1.0,16,70050000.0
11.84,0.74,Kalimati,1.0,22,38891000.0
5.52,0.345,Kalimati,1.0,15,17430000.0
8.1,0.506,Kirtipur,2.0,17,20699000.0
17.86,1.116,Koteshwor,1.0,8,55557000.0
18.55,1.159,New Baneshwor,2.0,24,66348000.0
10.01,0.626,Kirtipur,1.0,20,22011000.0
16.61,1.038,Gongabu,2.0,2,51984000.0
19.74,1.234,New Baneshwor,3.0,3,83680000.0
49.76,3.11,Bhaktapur,0.0,0,106742000.0
29.76,1.86,Kalimati,2.5,7,103595000.0
5.94,0.371,Bhaktapur,1.0,25,10856000.0
2.48,0.155,New Baneshwor,1.0,19,10379000.0
19.32,1.208,Kirtipur,2.5,0,49208000.0
14.0,0.875,Koteshwor,1.0,20,43214000.0
17.43,1.089,Gongabu,2.0,13,50566000.0
17.4,1.087,Gongabu,2.0,13,51431000.0
5.21,0.326,Baneshwor,1.0,17,19757000.0
7.86,0.491,Chabahil,2.0,7,30574000.0
3.52,0.22,Chabahil,2.5,6,17975000.0
16.9,1.056,Chabahil,2.5,4,67292000.0
11.33,0.708,Boudha,1.0,7,40431000.0
18.71,1.169,Chabahil,2.0,28,60447000.0
16.79,1.049,Kirtipur,1.0,16,37329000.0
10.68,0.667,Kirtipur,2.0,6,26597000.0
12.49,0.781,Baneshwor,3.0,18,50647000.0
5.31,0.332,Baluwatar,2.0,28,35454000.0
7.03,0.439,Kalanki,2.0,27,21687000.0
6.63,0.414,Kalimati,0.0,3,24575000.0
16.49,1.031,Baneshwor,1.0,11,65249000.0
8.98,0.561,New Baneshwor,1.0,8,33092000.0
10.72,0.67,New Baneshwor,2.5,18,41906000.0
14.11,0.882,Koteshwor,2.0,20,42538000.0
16.09,1.006,Koteshwor,1.0,27,46575000.0
4.06,0.254,Bhaktapur,2.0,9,10591000.0
9.65,0.603,Naxal,1.0,22,56149000.0
18.99,1.187,Bhaktapur,1.0,1,41347000.0
8.23,0.514,Sanepa,1.0,17,43820000.0
17.93,1.121,Koteshwor,0.0,20,53482000.0
14.33,0.896,Jhamsikhel,2.0,29,69332000.0
5.06,0.316,New Baneshwor,3.0,11,24051000.0
4.96,0.31,Kalanki,1.0,21,12834000.0
11.28,0.705,Boudha,2.0,25,36994000.0
2.19,0.137,Baneshwor,3.0,6,14697000.0
2.63,0.164,Koteshwor,2.5,29,12754000.0
14.95,0.934,Lazimpat,1.0,8,88049000.0
10.57,0.661,Naxal,2.5,6,68897000.0
8.71,0.544,Bhaktapur,1.0,3,21266000.0
19.92,1.245,Kalimati,2.0,20,63085000.0
19.74,1.234,Bhaktapur,2.0,7,43476000.0
2.16,0.135,Lazimpat,2.5,25,16694000.0
4.17,0.261,Baneshwor,3.0,1,22822000.0
10.79,0.674,Boudha,2.0,25,35527000.0
13.29,0.831,Baluwatar,3.0,4,94388000.0
21.12,1.32,Kalimati,0.0,14,64363000.0
18.53,1.158,Gongabu,2.5,15,52264000.0
6.3,0.394,Kalanki,2.0,4,20183000.0
13.76,0.86,Sanepa,2.5,1,82740000.0
4.4,0.275,Jhamsikhel,2.5,17,25830000.0
4.13,0.258,New Baneshwor,0.0,26,11508000.0
14.13,0.883,Sanepa,2.0,25,71003000.0
12.54,0.784,Baluwatar,0.0,22,76610000.0
52.64,3.29,Koteshwor,2.0,14,161110000.0
10.4,0.65,Naxal,2.0,25,61112000.0
9.98,0.624,Budhanilkantha,2.0,15,28224000.0
17.55,1.097,Baneshwor,2.0,17,69363000.0
9.76,0.61,Baluwatar,3.0,3,71589000.0
54.08,3.38,Lazimpat,2.0,15,302241000.0
17.11,1.069,Budhanilkantha,1.0,18,42040000.0
19.52,1.22,Jhamsikhel,1.0,11,101268000.0
29.12,1.82,Gongabu,1.0,1,85383000.0
33.28,2.08,Boudha,2.5,9,114933000.0
11.39,0.712,Gongabu,2.5,0,36379000.0
10.56,0.66,Lazimpat,1.0,25,55672000.0
18.84,1.177,Budhanilkantha,0.0,10,47582000.0
19.76,1.235,Boudha,2.0,11,68438000.0
16.13,1.008,Baneshwor,2.0,26,56896000.0
6.73,0.421,Baneshwor,2.0,20,29041000.0
16.83,1.052,Baneshwor,3.0,0,75882000.0
15.14,0.946,Kalanki,2.0,12,41289000.0
14.4,0.9,New Baneshwor,1.0,1,59325000.0
13.25,0.828,New Baneshwor,3.0,18,49877000.0
12.98,0.811,New Baneshwor,2.0,26,49123000.0
17.61,1.101,Baluwatar,2.0,21,108297000.0
3.75,0.234,Baluwatar,3.0,3,30582000.0
23.2,1.45,Koteshwor,2.0,23,70369000.0
45.44,2.84,Naxal,2.0,17,266468000.0
2.52,0.158,Baluwatar,2.5,8,21515000.0
11.25,0.703,Koteshwor,1.0,26,32122000.0
6.25,0.391,Baluwatar,0.0,26,36919000.0
11.23,0.702,Kirtipur,3.0,15,29990000.0
6.39,0.399,New Baneshwor,2.0,7,28045000.0
9.0,0.562,Kirtipur,2.0,27,21993000.0
41.6,2.6,Kirtipur,1.0,17,86629000.0
17.07,1.067,Gongabu,3.0,24,47194000.0
15.26,0.954,Budhanilkantha,1.0,5,40753000.0
8.36,0.522,Budhanilkantha,0.0,24,19130000.0
19.55,1.222,Kalimati,2.5,17,64742000.0
19.7,1.231,Budhanilkantha,2.0,3,54963000.0
41.44,2.59,Naxal,1.0,25,226475000.0
2.55,0.159,Naxal,2.0,17,18866000.0
3.31,0.207,Baneshwor,2.0,11,16317000.0
11.81,0.738,Baluwatar,0.0,3,78135000.0
14.67,0.917,Sanepa,2.0,26,75295000.0
19.58,1.224,Lazimpat,2.0,26,101891000.0
6.8,0.425,Bhaktapur,2.0,11,16498000.0
17.21,1.076,Boudha,2.0,26,53712000.0
2.18,0.136,Baluwatar,1.0,19,14219000.0
15.79,0.987,Gongabu,1.0,14,43884000.0
14.47,0.904,Gongabu,0.0,6,40643000.0
12.97,0.811,Kalanki,2.0,23,32617000.0
10.54,0.659,Bhaktapur,2.0,4,23133000.0
12.25,0.766,Kirtipur,2.5,9,30395000.0
7.58,0.474,Boudha,1.0,8,26966000.0
6.65,0.416,Jhamsikhel,2.0,24,34260000.0
3.91,0.244,Baneshwor,1.0,5,15453000.0
4.05,0.253,Bhaktapur,0.0,27,9136000.0
11.52,0.72,Baluwatar,2.5,6,80457000.0
32.32,2.02,Baneshwor,1.0,9,129265000.0
57.12,3.57,Baneshwor,2.0,29,200579000.0
44.32,2.77,Bhaktapur,1.0,20,85721000.0
10.72,0.67,Kirtipur,1.0,6,26928000.0
29.6,1.85,Lazimpat,2.0,27,155031000.0
18.78,1.174,Budhanilkantha,2.0,21,48244000.0
10.35,0.647,Sanepa,1.0,23,53950000.0
8.26,0.516,Lazimpat,0.0,1,51051000.0
17.83,1.114,Chabahil,2.0,2,68866000.0
2.72,0.17,Chabahil,0.0,18,7934000.0
10.27,0.642,Kirtipur,3.0,4,30030000.0
7.61,0.476,Budhanilkantha,3.0,21,22865000.0
8.48,0.53,Budhanilkantha,2.0,9,25627000.0
6.83,0.427,Kalimati,1.0,7,25051000.0
2.72,0.17,Budhanilkantha,1.0,4,8856000.0
16.78,1.049,Naxal,2.0,25,96184000.0
17.79,1.112,Baneshwor,2.0,7,73405000.0
16.77,1.048,Koteshwor,0.0,23,48724000.0
13.37,0.836,Kalimati,2.0,28,41884000.0
17.65,1.103,Boudha,1.0,12,58679000.0
9.14,0.571,Baneshwor,0.0,28,31902000.0
11.74,0.734,Kirtipur,2.0,24,25801000.0
9.93,0.621,Koteshwor,2.0,16,34805000.0
14.41,0.901,Lazimpat,1.0,8,85832000.0
15.67,0.979,Kirtipur,3.0,26,34178000.0
12.84,0.802,Baneshwor,2.0,25,49779000.0
44.96,2.81,Naxal,0.0,1,289464000.0
2.35,0.147,Bhaktapur,3.0,26,10161000.0
5.78,0.361,Jhamsikhel,2.5,2,35108000.0
35.04,2.19,Gongabu,1.0,23,88246000.0
6.0,0.375,Sanepa,1.0,7,33080000.0
8.31,0.519,Bhaktapur,2.5,0,22994000.0
18.7,1.169,Sanepa,3.0,12,103079000.0
54.72,3.42,Kalimati,3.0,6,184553000.0
5.54,0.346,New Baneshwor,2.0,15,23465000.0
11.38,0.711,Jhamsikhel,1.0,27,54570000.0
8.04,0.502,Bhaktapur,1.0,22,18281000.0
10.14,0.634,Bhaktapur,1.0,12,21399000.0
3.56,0.223,Lazimpat,2.5,19,25293000.0
5.93,0.371,Baneshwor,2.0,11,25238000.0
17.6,1.1,New Baneshwor,3.0,16,69739000.0
5.3,0.331,Kirtipur,2.0,15,14902000.0
6.07,0.379,Chabahil,1.0,25,20404000.0
16.71,1.044,Sanepa,2.0,3,97298000.0
3.41,0.213,New Baneshwor,2.5,4,17812000.0
10.53,0.658,Kalanki,1.0,17,27534000.0
17.12,1.07,Kalanki,1.0,24,43635000.0
58.24,3.64,Kalanki,2.0,10,151673000.0
5.13,0.321,Sanepa,0.0,5,28071000.0
53.12,3.32,Kalimati,1.0,12,170911000.0
6.26,0.391,Kirtipur,2.0,7,16800000.0
3.11,0.194,Budhanilkantha,1.0,0,10456000.0
16.07,1.004,Kirtipur,2.0,25,34439000.0
11.26,0.704,Kirtipur,1.0,18,23905000.0
11.04,0.69,Gongabu,0.0,1,32563000.0
10.7,0.669,Naxal,2.5,9,70053000.0
8.49,0.531,Bhaktapur,2.0,1,21322000.0
2.62,0.164,New Baneshwor,2.5,24,12630000.0
9.03,0.564,Lazimpat,3.0,16,57108000.0
4.78,0.299,New Baneshwor,0.0,3,16778000.0
6.99,0.437,Kirtipur,1.0,29,13913000.0
19.26,1.204,Koteshwor,3.0,18,62922000.0
8.18,0.511,Kalanki,2.0,7,25225000.0
11.32,0.708,Chabahil,2.5,9,44188000.0
9.97,0.623,Gongabu,1.0,18,27435000.0
6.26,0.391,Bhaktapur,0.0,27,11365000.0
6.65,0.416,Baluwatar,0.0,12,41427000.0
13.28,0.83,Naxal,2.5,15,82640000.0
10.75,0.672,Baluwatar,1.0,5,74077000.0
6.42,0.401,Baluwatar,2.5,5,48856000.0
11.59,0.724,Baneshwor,2.0,2,51343000.0
42.88,2.68,Koteshwor,1.0,8,136326000.0
4.96,0.31,New Baneshwor,3.0,1,24531000.0
14.0,0.875,Kalimati,2.0,15,46047000.0
62.08,3.88,Sanepa,3.0,19,319478000.0
18.06,1.129,Gongabu,2.0,12,51978000.0
19.78,1.236,Lazimpat,2.0,2,122897000.0
6.22,0.389,Budhanilkantha,2.0,10,20372000.0
8.15,0.509,Baluwatar,1.0,1,57563000.0
13.09,0.818,Kalimati,1.0,0,46500000.0
8.64,0.54,Baneshwor,1.0,22,33225000.0
18.16,1.135,Gongabu,0.0,26,42898000.0
16.65,1.041,Jhamsikhel,1.0,1,92854000.0
5.29,0.331,Kalanki,1.0,26,14444000.0
6.92,0.432,Koteshwor,0.0,13,21718000.0
8.15,0.509,New Baneshwor,2.0,19,32271000.0
16.73,1.046,Boudha,2.0,19,57332000.0
16.75,1.047,Baneshwor,1.0,0,71838000.0
12.94,0.809,Boudha,3.0,24,43175000.0
2.56,0.16,Baneshwor,2.5,21,13893000.0
5.72,0.357,Lazimpat,2.5,7,37983000.0
6.69,0.418,Gongabu,3.0,12,22026000.0
18.52,1.157,New Baneshwor,1.0,29,61614000.0
18.25,1.141,Boudha,1.0,14,60597000.0
7.76,0.485,Budhanilkantha,3.0,9,23734000.0
4.11,0.257,Bhaktapur,2.5,28,12076000.0
3.42,0.214,Kirtipur,3.0,20,13037000.0
12.52,0.782,Kirtipur,2.0,20,28743000.0
8.1,0.506,Boudha,2.5,0,30789000.0
18.52,1.157,Boudha,2.5,5,66129000.0
12.03,0.752,Lazimpat,1.0,9,70855000.0
10.05,0.628,Kalimati,0.0,16,31389000.0
7.23,0.452,Bhaktapur,2.0,29,16917000.0
5.32,0.333,Jhamsikhel,2.0,5,31769000.0
3.38,0.211,Jhamsikhel,0.0,20,17989000.0
19.02,1.189,Baluwatar,2.5,12,124727000.0
16.73,1.046,Budhanilkantha,3.0,25,44811000.0
7.07,0.442,Koteshwor,2.0,16,23437000.0
19.04,1.19,Jhamsikhel,2.0,12,99230000.0
6.86,0.429,Jhamsikhel,2.0,25,36896000.0
6.77,0.423,Sanepa,2.0,9,39844000.0
16.44,1.028,Chabahil,2.0,15,57976000.0
4.72,0.295,Kirtipur,2.0,10,14013000.0
13.17,0.823,Kalimati,2.0,19,45428000.0
55.52,3.47,Naxal,2.0,18,322549000.0
50.4,3.15,Boudha,2.0,29,148796000.0
19.88,1.242,Baneshwor,2.0,10,80949000.0
14.24,0.89,Kirtipur,2.5,24,32360000.0
13.98,0.874,Chabahil,1.0,20,45423000.0
3.11,0.194,Boudha,2.0,7,13021000.0
13.69,0.856,Sanepa,0.0,17,69433000.0
17.94,1.121,Chabahil,2.0,13,64121000.0
7.97,0.498,Jhamsikhel,2.0,14,43170000.0
6.34,0.396,Gongabu,2.0,13,20196000.0
16.16,1.01,Koteshwor,1.0,4,53408000.0
61.12,3.82,Kalimati,2.0,27,179933000.0
2.92,0.182,Kirtipur,3.0,9,10419000.0
16.46,1.029,Jhamsikhel,2.0,29,78957000.0
4.73,0.296,Budhanilkantha,2.0,1,17624000.0
43.2,2.7,New Baneshwor,3.0,17,158253000.0
9.02,0.564,Kalimati,2.0,6,33338000.0
17.18,1.074,Budhanilkantha,2.0,15,44972000.0
18.09,1.131,Koteshwor,1.0,28,51856000.0
12.92,0.807,Kalanki,1.0,15,32910000.0
3.55,0.222,Kalanki,3.0,18,12892000.0
11.9,0.744,Kalimati,2.0,27,36257000.0
17.89,1.118,Budhanilkantha,3.0,18,47852000.0
8.14,0.509,Baneshwor,2.0,11,36856000.0
13.96,0.873,Kirtipur,2.0,28,32179000.0
12.92,0.807,Lazimpat,1.0,5,79245000.0
11.16,0.698,Koteshwor,2.5,0,41363000.0
37.92,2.37,Lazimpat,2.0,9,220037000.0
19.36,1.21,Koteshwor,1.0,14,58967000.0
2.32,0.145,Koteshwor,2.0,15,10217000.0
4.95,0.309,Chabahil,2.0,7,19133000.0
17.27,1.079,Bhaktapur,2.0,0,38702000.0
7.7,0.481,Jhamsikhel,3.0,0,48212000.0
46.4,2.9,Lazimpat,2.0,18,257207000.0
31.84,1.99,Baluwatar,1.0,7,210301000.0
6.27,0.392,Gongabu,2.5,24,20680000.0
9.59,0.599,Baneshwor,2.5,13,40951000.0
13.97,0.873,Jhamsikhel,2.0,2,78582000.0
16.5,1.031,Budhanilkantha,0.0,19,40805000.0
2.18,0.136,Chabahil,2.0,26,11192000.0
