area_sqft,bedrooms,distance_km,parking,monthly_rent_npr
388,1,13.4,1,5000
1449,3,8.9,1,22700
1264,3,2.2,1,23800
930,2,0.5,0,16400
921,2,7.7,0,10000
1580,3,14.3,0,17000
383,1,8.8,1,8700
1330,3,5.9,1,23900
562,1,0.9,1,16000
395,1,13.8,0,5000
1066,3,5.2,1,19100
1762,4,10.7,1,23000
1390,2,10.6,1,16400
1429,2,4.2,1,22000
1362,2,1.4,0,20500
1468,3,6.1,0,24800
1045,2,5.1,1,20900
448,1,10.7,1,10900
1551,3,12.4,1,19500
948,2,3.7,1,22300
1025,2,8.2,1,20000
824,2,1.1,0,15500
532,2,3.6,1,14500
1686,4,11.5,0,26300
1461,3,12.0,0,18000
1247,3,11.8,0,15400
873,2,2.6,1,16600
1525,4,8.5,1,19900
1095,2,6.6,1,18200
937,2,14.9,0,6000
948,1,10.0,1,9200
602,1,14.1,0,5000
392,1,2.6,0,5000
1109,2,7.0,0,17400
1626,5,11.7,1,28000
348,1,5.8,0,5000
1580,4,9.7,0,23000
1532,3,7.9,0,18900
678,1,14.9,1,7100
1229,3,3.0,1,24600
506,1,14.1,0,5000
1425,4,6.3,0,24900
1335,4,7.3,0,20300
799,2,8.2,1,9600
355,1,4.3,0,8600
1754,4,14.5,0,23600
940,2,13.7,0,7400
1634,3,14.6,0,19400
1300,3,15.0,0,17200
1456,4,10.2,0,24200
1427,3,7.0,0,19800
551,1,12.8,1,5000
814,2,0.8,0,12900
973,3,12.6,1,13600
1021,3,7.7,0,19500
317,1,10.3,0,5000
1097,3,5.9,0,16500
489,1,5.8,1,7800
1402,4,1.0,1,28300
1308,3,6.6,0,20000
1679,4,6.4,1,26000
1404,3,3.8,1,28400
818,2,4.1,0,13600
1749,4,9.0,1,34400
886,2,5.1,0,11100
755,3,12.5,0,13300
1653,4,2.1,1,35300
824,2,8.9,0,9600
368,1,2.8,0,6500
977,2,8.2,0,10700
1483,3,8.5,1,21100
543,2,9.8,1,9200
967,2,6.7,0,14000
451,1,7.9,0,5000
1314,3,3.1,0,28300
987,3,7.2,1,17700
761,2,5.9,1,14700
601,1,10.2,0,5000
1124,3,6.8,1,19600
1288,3,11.8,1,17800
1707,4,6.7,0,26800
927,2,3.9,0,15400
499,2,4.5,0,11900
1540,3,1.2,1,29700
1226,3,8.3,1,22200
1335,3,12.5,0,16200
400,1,11.7,0,5000
734,2,6.8,0,10400
1440,3,3.3,0,26500
1540,4,13.0,0,21200
924,2,1.3,0,16800
1497,3,6.3,1,24600
1554,4,12.9,1,22800
850,2,6.2,0,12900
1642,4,2.2,1,31500
696,2,4.4,1,13400
621,1,9.2,1,10400
1307,3,2.7,1,27400
1236,3,10.0,1,23800
466,1,6.9,0,5000
1540,3,5.3,1,27900
559,2,4.0,0,6100
1497,2,12.4,1,20900
261,1,6.3,0,5000
1485,2,11.2,0,14500
1469,3,6.9,0,22600
1459,3,1.8,0,23700
1280,2,6.9,0,15600
980,2,7.9,1,14500
1343,3,7.1,1,24500
679,1,12.3,0,5000
1460,4,13.7,0,18800
1111,3,11.9,0,13100
961,3,9.0,0,16300
1033,2,8.4,1,18100
1131,3,9.8,1,13600
307,1,4.7,0,8000
466,2,12.3,0,5000
630,2,12.9,1,8600
427,1,4.4,1,7200
931,2,13.6,0,9600
1286,3,12.8,1,24400
1264,2,6.7,0,17800
980,2,13.7,0,8000
1575,5,2.2,1,32300
1126,3,0.9,1,20700
372,2,5.5,0,11200
1435,3,8.7,1,23400
1140,2,5.6,0,14100
1233,3,14.2,1,13800
1126,2,4.2,0,17600
1108,2,4.6,1,21900
390,1,9.7,1,5000
1116,3,0.6,1,27300
1482,3,11.0,1,21400
721,2,6.0,1,11600
1184,3,14.7,0,11700
297,1,10.5,1,8100
788,2,1.3,0,12100
926,3,1.8,1,19500
1773,4,1.8,0,33400
582,2,14.3,1,7000
678,2,10.4,0,5900
883,2,6.7,1,17800
1788,4,3.4,0,32600
1572,5,13.2,0,23500
303,1,3.4,0,5000
612,2,10.7,1,8200
1523,3,11.6,0,19900
340,1,4.8,0,5000
1576,4,7.8,0,27800
686,2,3.7,0,16900
1672,3,6.0,1,26800
705,2,14.5,0,6200
923,2,10.6,0,13600
1275,4,12.8,0,22200
445,1,8.3,0,8400
1113,3,4.0,1,17700
1032,3,10.8,0,13000
1465,3,7.8,0,22400
1793,3,3.1,1,29600
1279,3,6.5,1,26800
884,2,9.7,0,14900
879,1,11.2,1,8200
897,1,4.0,1,15100
1511,4,13.2,0,18000
747,1,6.0,1,11800
508,1,4.4,0,7500
768,1,3.3,0,14300
285,1,12.2,1,5000
414,1,5.6,1,5000
389,1,7.5,1,5000
1445,3,3.7,0,21200
1369,4,10.4,0,18500
1329,3,11.8,1,19700
965,2,5.4,0,12100
1361,4,14.2,1,16900
499,1,0.9,0,8000
1645,3,2.4,0,24300
1026,2,9.0,0,11600
1703,4,10.7,1,25000
486,2,4.1,0,11700
1020,2,8.5,1,13300
1329,3,5.1,1,23000
1018,2,8.5,0,11900
941,2,10.1,0,13200
507,1,14.6,1,5000
840,2,7.1,0,14700
620,2,9.9,0,5000
717,2,8.9,1,11800
1309,3,5.1,0,19700
1226,3,4.2,1,20200
1191,3,14.8,0,12800
810,2,3.5,0,18600
1737,4,12.0,1,23800
385,1,2.6,1,10000
781,1,12.2,0,5000
432,1,3.2,1,6800
775,2,14.5,1,6700
1740,4,10.4,0,23500
817,3,1.8,0,16500
1658,3,10.6,0,20900
1017,2,9.3,1,11100
1334,4,5.4,1,24200
958,2,4.3,0,16700
662,1,10.9,1,5000
1434,4,11.2,1,22000
1752,3,5.2,1,29600
658,1,13.2,1,5000
1457,3,4.4,0,24300
654,2,1.5,0,10000
1361,3,9.2,1,23600
1472,3,2.1,0,26100
946,2,4.5,0,15300
1392,3,7.9,1,25500
671,1,4.7,1,11400
372,1,3.6,1,7900
399,1,10.7,1,8200
942,2,8.4,1,19500
1649,4,12.7,0,20200
447,1,8.9,0,5000
956,2,7.5,0,15800
1341,3,4.3,1,24400
563,1,12.0,1,7300
1368,3,3.4,1,27500
724,2,4.0,1,14000
1503,3,12.7,1,21700
1147,3,11.2,0,14900
1097,2,9.4,1,13000
523,1,1.1,1,10500
967,3,2.3,1,19900
1577,4,7.7,0,26900
280,1,11.3,1,5400
1425,3,7.2,0,22900
1013,3,0.8,0,21700
1365,3,3.2,0,24200
1278,3,9.0,0,18700
919,2,10.6,1,14100
728,1,1.0,0,14200
1222,3,1.1,0,19400
467,1,4.3,1,8100
1155,2,1.7,1,19600
396,2,8.4,1,11100
1257,2,2.3,0,24600
1224,2,9.9,0,9300
380,1,11.8,1,7700
1424,3,14.6,0,16100
894,2,14.3,1,12700
1469,4,4.5,0,26700
314,1,0.9,0,11700
528,1,5.3,1,10700
1015,2,10.8,0,8200
541,1,1.4,1,12700
761,1,5.7,0,11400
1273,3,4.8,1,22900
474,1,3.7,0,9700
1300,3,10.7,0,16900
410,2,10.1,1,5900
521,1,8.3,1,5200
1160,2,13.7,1,12900
1479,3,2.0,1,28400
514,1,2.7,0,5000
714,2,6.1,1,11800
1683,4,10.0,1,21700
1784,4,9.0,1,27100
1150,3,1.6,0,24700
942,2,14.4,1,7800
787,1,4.9,0,12800
1199,3,5.7,0,26500
1165,3,9.5,0,20000
706,2,14.2,1,8400
285,1,10.1,0,5000
484,2,14.3,0,5000
1735,3,3.2,1,26100
898,2,9.5,0,11200
997,3,12.5,0,13200
974,1,7.9,1,16400
1463,3,5.8,1,23600
350,1,14.8,0,5000
378,1,2.5,0,8200
677,1,6.5,0,8200
1004,2,13.2,1,12100
1290,4,13.6,0,14800
1010,2,14.7,0,9500
933,1,13.3,0,7400
1703,3,1.2,0,27500
499,2,14.0,1,7400
1136,2,6.7,0,18500
1090,2,9.9,1,17300
983,2,6.2,0,11800
1501,3,12.3,0,18700
663,1,8.9,0,5000
1728,5,12.8,0,25000
763,2,3.3,0,11600
1094,2,3.2,1,23600
1057,3,6.9,1,21300
1567,3,0.6,1,32800
930,1,10.5,0,11400
691,2,4.8,0,11300
283,1,8.6,1,5000
813,2,1.5,1,22600
1530,3,3.0,1,27300
265,1,9.5,1,5000
1639,4,4.9,1,32300
1091,3,3.6,1,22400
467,1,3.8,1,14200
718,1,3.6,1,14200
1108,3,9.5,0,15600
739,2,2.9,0,17700
418,1,5.8,1,5000
1282,3,10.5,1,18100
1291,3,7.9,1,19200
434,1,9.2,1,5000
685,2,4.1,1,17000
628,1,14.0,0,5000
1272,2,6.5,0,20000
1381,3,4.7,0,23300
1376,4,13.6,1,22000
1705,4,10.0,1,25800
1441,3,9.4,0,17800
747,1,13.4,0,5000
416,2,1.3,0,13400
1202,3,12.6,1,17000
1669,4,10.3,0,22100
1761,4,5.7,1,27600
606,2,4.2,0,11800
616,1,2.0,0,9600
307,1,14.1,1,5000
468,1,2.6,1,10700
1110,4,4.3,1,22700
1097,3,10.5,0,15500
824,2,10.8,0,10700
730,2,2.8,0,18700
1536,3,12.3,1,23200
963,3,7.9,0,19000
1502,3,12.8,1,18500
1742,4,1.8,0,26600
741,2,1.1,1,17600
564,1,9.7,0,7100
1726,4,2.7,1,34100
1233,3,8.1,1,23700
700,2,0.7,0,8600
1213,2,11.8,1,18900
1048,2,13.5,0,11000
1653,4,12.7,1,20600
646,1,14.4,1,7000
1786,4,13.6,0,23300
1700,4,6.9,0,27500
530,2,6.3,0,11400
505,1,13.5,1,5200
1076,3,13.9,0,8500
319,1,14.6,1,5000
713,2,11.6,1,5900
924,2,3.4,1,19800
1752,4,14.2,1,28100
1788,4,14.2,0,19400
484,2,10.2,1,6500
1632,3,12.9,1,19800
390,1,8.6,0,5000
1410,3,14.2,1,19500
1560,4,1.9,0,27300
1630,3,13.0,0,21100
596,1,1.3,1,16400
1634,3,5.4,0,27600
429,1,2.5,1,8100
1054,2,7.4,0,17900
977,2,3.9,1,22200
739,1,14.3,0,7700
284,1,8.6,1,5000
1446,3,13.5,1,17500
770,1,4.5,1,11100
1275,3,0.9,1,23400
885,2,11.7,1,12000
829,2,10.7,0,11600
1623,3,8.4,1,28400
396,1,12.3,1,5000
1391,3,12.7,0,16700
1407,3,9.0,0,19300
838,2,14.5,1,7800
656,1,10.9,0,7100
258,1,10.3,1,5000
1702,5,5.7,0,29800
1718,3,0.5,1,32700
623,3,4.0,1,17700
299,1,11.6,1,5000
440,1,10.8,1,5000
354,1,5.3,1,10300
1538,3,9.6,1,23900
1632,4,3.3,0,27200
487,1,4.3,1,10900
1407,3,14.2,1,19300
527,1,6.5,0,9500
819,2,4.1,0,11300
1179,3,7.6,1,23600
1365,3,6.1,1,23700
1605,4,11.1,0,21200
319,1,14.5,0,5000
554,2,9.1,0,5000
684,1,9.1,1,5000
731,1,5.8,1,13900
1796,4,8.7,0,31400
1454,3,5.1,0,18800
746,2,0.5,0,13200
1756,4,13.1,0,24800
1023,2,6.7,1,17000
1026,3,7.6,0,18100
922,3,1.7,1,21100
473,1,12.6,0,5000
1698,3,3.0,0,26700
271,1,6.5,1,5000
520,1,12.7,1,5000
605,1,7.1,0,9700
682,1,14.0,1,8900
454,1,3.5,1,14000
277,1,10.9,0,5000
1300,3,14.7,1,11200
1752,4,8.5,1,27000
438,3,10.5,1,12700
709,1,6.2,0,13200
1034,2,11.4,0,14800
1687,4,13.7,1,23600
1326,4,10.7,1,18700
1437,3,14.1,1,18800
1150,3,9.0,0,16500
896,1,8.9,1,15900
559,1,4.9,0,8800
1589,3,10.8,0,20500
1496,2,13.3,1,18300
288,1,9.9,1,5000
1358,2,3.9,0,22100
380,1,8.4,0,5000
1395,3,11.5,1,17500
1530,3,14.1,1,23400
453,1,2.8,0,5000
922,2,2.3,1,23000
441,1,6.5,1,5000
1129,3,2.3,1,22000
1687,4,14.7,1,25900
375,1,6.7,0,5000
866,2,8.2,1,10900
1758,4,3.8,1,33000
716,2,7.0,0,10900
454,1,14.8,0,5000
1007,2,7.6,0,12200
1037,2,0.6,1,21400
1277,3,4.0,1,22600
736,2,14.7,0,11600
1731,4,14.8,1,23300
1057,2,3.6,0,16200
693,1,9.4,0,5400
1738,4,1.6,0,35200
1683,4,8.9,0,20900
1023,2,2.3,1,21100
288,1,12.4,1,5000
1175,2,14.1,0,7700
1110,2,3.0,1,18700
479,2,7.2,0,8500
1232,2,2.0,1,20700
1553,3,5.4,1,27000
414,1,1.4,1,15800
1371,4,4.3,1,27400
467,1,14.9,0,5000
1410,3,1.1,0,23000
899,2,13.0,0,8000
260,1,1.6,0,6100
1747,5,8.2,1,31100
507,1,7.1,1,9400
1173,1,14.0,1,16100
531,1,3.4,0,9000
1696,5,3.1,0,28300
1394,4,11.4,1,25100
1496,4,11.0,1,26900
919,2,10.6,0,11200
974,3,0.9,0,19400
1233,2,4.3,0,20300
1466,3,12.7,0,17200
1562,3,9.2,1,18700
277,1,9.2,1,5800
1278,3,4.8,0,23200
419,1,4.3,0,10600
696,2,14.2,1,6100
1535,4,11.1,0,22200
638,1,2.3,1,14200
1485,3,14.1,1,19700
967,2,8.9,0,12700
610,2,5.3,0,10700
768,2,6.3,0,12300
1072,3,11.0,0,16000
1435,3,6.0,1,27600
1189,1,8.9,1,13600
1696,3,10.8,0,21400
1594,4,3.3,0,26800
1417,3,14.2,1,17100
1184,2,5.7,1,15700
699,2,6.6,1,13300
889,3,10.6,0,13400
434,1,9.3,0,5000
829,2,6.9,0,12100
1686,4,9.9,0,25300
910,2,13.6,1,14400
426,2,12.1,0,5000
1260,3,12.5,0,12400
1742,4,4.2,0,28700
1594,4,6.6,1,32700
674,1,8.5,1,6700
953,2,1.1,1,21800
1073,2,11.7,0,14600
634,1,5.2,1,5600
666,1,4.6,0,10800
616,1,4.3,0,10900
1791,4,4.6,0,28600
1406,3,5.4,0,20500
1553,4,9.3,1,24100
1515,4,9.0,1,24600
1736,3,4.2,1,28600
413,1,3.5,0,6300
1616,4,12.5,1,23300
353,1,1.8,1,13500
986,2,7.9,0,10300
1171,2,8.0,1,13600
804,2,8.8,0,13500
476,1,13.3,0,5000
548,2,9.5,0,6000
1528,3,14.6,0,16800
744,2,13.1,0,7300
731,2,3.6,1,14400
1681,4,4.0,1,32100
473,1,5.5,1,6900
1668,4,6.2,0,25900
1677,4,8.5,0,19600
1177,2,3.9,0,21300
506,1,3.7,1,10500
491,1,6.0,0,8400
691,3,10.2,1,13800
1144,2,10.5,0,14800
488,2,14.7,0,5000
956,2,3.4,0,17100
429,1,6.2,0,5000
1087,2,14.5,0,7000
282,1,10.5,1,5000
1349,3,9.1,0,17100
335,2,8.3,1,11300
551,1,1.6,1,13900
520,2,13.5,1,5000
1538,4,9.6,1,24600
332,2,8.8,0,5200
915,2,8.3,0,12000
1166,4,6.2,1,23800
1049,2,4.2,0,16800
1305,3,11.5,1,15600
1494,3,7.9,1,18500
860,3,1.0,1,20200
1533,4,6.3,0,26400
742,1,14.0,0,5000
1775,5,5.9,1,35800
1032,3,6.5,0,16700
1390,4,9.5,0,24400
1606,3,12.1,1,25200
1478,3,10.2,0,22200
1569,3,12.8,0,15900
1081,1,2.2,1,19000
317,1,13.9,0,5000
1014,2,13.6,1,12800
531,2,8.0,1,11700
1628,5,9.6,1,24800
616,1,3.6,0,14700
603,1,7.0,0,5400
636,1,3.4,1,7800
1245,3,0.8,0,22500
1135,2,14.7,1,6700
1720,4,4.3,1,28400
895,3,9.1,1,22300
687,2,4.9,1,13400
326,1,5.9,0,5000
260,1,6.3,1,6300
829,3,5.4,1,15400
1685,4,9.7,1,29100
1061,2,14.4,1,9900
1634,4,6.7,0,26600
407,1,14.6,1,5000
394,1,10.2,1,11600
1541,3,9.3,0,22200
415,1,3.9,0,6900
330,1,1.4,0,7200
876,2,12.9,1,9600
1683,4,8.8,1,25600
1318,2,6.5,0,16300
403,1,12.3,0,5400
1547,4,5.0,1,27200
1557,4,11.9,1,18500
1491,3,5.3,1,22800
1649,4,13.9,0,23400
621,1,4.4,1,11200
1768,4,2.5,0,30100
747,2,10.6,1,14000
1493,3,2.9,1,25400
1148,2,14.3,1,14800
1458,3,10.0,1,20300
1223,3,3.8,0,22500
1245,3,3.5,1,23000
1205,3,13.9,0,13100
1457,3,9.3,0,22000
1395,4,13.5,1,22700
458,2,2.1,1,13100
1530,4,13.9,0,18500
1080,2,8.0,1,20900
750,1,10.2,0,8300
1047,2,5.9,0,14500
1748,4,1.4,0,29400
1579,3,14.4,0,20400
1542,3,14.9,0,17400
967,2,5.8,0,14100
1465,3,14.2,0,16900
846,2,2.9,1,18500
1313,4,2.7,1,27200
1241,3,1.6,0,25800
637,3,6.2,0,15500
663,2,1.3,1,17900
344,1,6.2,0,8200
466,1,2.5,0,8900
922,2,11.1,0,12000
990,2,12.6,1,15100
505,2,10.5,0,8300
896,2,3.4,1,20200
1186,3,11.6,0,16700
610,1,4.1,1,16800
774,1,11.5,1,7400
819,2,8.7,0,10300
1032,3,5.8,0,16800
817,1,1.7,0,12700
1392,3,12.5,1,14500
757,1,14.1,1,10200
922,1,10.2,0,6400
838,2,14.5,0,7300
533,1,14.0,0,5000
1312,2,3.3,1,24500
614,1,11.1,1,5100
710,1,5.6,0,6800
1478,3,7.6,0,21900
1720,4,2.8,0,27900
1289,2,14.6,1,13300
1670,3,11.0,0,21800
1573,4,4.4,1,31300
995,3,5.9,1,17300
1443,4,6.6,0,21200
758,1,11.3,1,8700
963,3,13.9,1,14700
1079,2,5.2,0,20000
1738,5,7.4,0,26000
1565,3,9.1,0,20600
1008,3,6.2,0,19700
1261,2,7.8,0,21600
563,2,2.0,1,12400
1496,4,2.9,1,27600
1107,2,6.3,1,19300
1075,2,13.8,1,11300
1437,4,5.6,0,22400
1231,3,4.1,0,21500
362,1,11.3,1,7800
696,2,14.3,1,5000
523,2,7.2,0,12000
1389,3,0.6,1,26300
304,1,10.5,0,5000
563,1,6.5,1,13700
1176,3,10.3,1,19200
1326,4,4.5,0,23000
1030,3,0.5,1,25300
1584,4,5.5,1,28200
1674,4,10.7,1,27400
454,1,6.2,1,8100
1726,4,3.7,0,31300
1202,3,7.2,0,14900
1236,2,11.4,0,11300
397,1,2.2,0,5000
1213,3,10.5,1,18600
1374,3,10.2,0,14500
1150,3,5.9,1,19400
380,1,14.6,0,5000
1061,2,13.5,0,14000
1700,4,5.1,0,25400
1371,3,1.0,0,21500
462,1,5.0,1,10200
1737,3,3.5,1,34100
1736,4,8.4,1,28200
512,1,13.8,1,5000
1491,3,13.1,0,20900
880,2,4.9,1,18800
1170,2,6.7,0,17400
940,2,1.0,1,18600
1463,3,8.4,1,24300
1794,5,1.4,1,32600
1482,4,14.1,0,17400
1693,4,13.1,0,25700
1716,5,3.6,0,34300
389,1,10.6,0,5000
642,3,8.7,1,8300
1368,3,12.1,1,16400
1164,3,7.4,0,16100
327,1,3.3,0,6200
397,1,9.8,0,5000
1056,3,1.7,0,19900
1205,3,9.0,1,24100
509,2,3.6,1,14100
515,1,10.4,1,6900
450,1,12.5,1,5000
1125,2,2.1,0,14900
262,1,6.3,0,5000
1137,2,11.1,1,11200
987,2,2.9,0,17000
972,2,8.7,1,16000
1302,4,10.2,1,19600
1060,2,5.6,0,16200
1378,2,12.6,0,18400
1434,3,7.9,1,28100
1676,4,9.6,1,28800
1488,4,2.5,0,26700
1052,3,0.8,1,25400
1012,3,1.2,0,23700
615,1,13.6,1,5000
1179,3,13.3,0,17500
465,1,12.2,0,5000
1693,3,3.4,0,25600
1559,3,8.1,0,21200
435,1,12.0,0,5000
1468,4,10.3,0,18600
431,1,2.2,1,10400
1367,4,13.5,0,19300
385,1,2.8,0,8200
1006,3,3.0,1,22400
1269,2,13.6,1,14400
1379,3,7.5,0,22000
898,2,5.9,0,16300
1678,4,8.5,0,27700
1450,3,14.7,1,19700
572,1,2.2,1,15200
1290,2,11.5,1,19100
1382,3,5.3,0,28600
767,2,2.2,0,17700
1394,3,6.6,0,20900
1642,3,8.5,1,23000
1516,3,3.5,1,26600
1431,3,6.4,1,23400
1233,3,9.7,0,18300
669,1,8.9,0,5000
1482,3,11.0,1,24600
814,1,12.6,0,5000
1074,2,6.4,1,13800
737,1,6.6,1,11400
735,2,7.7,0,8300
494,2,8.7,1,6200
1740,3,2.1,0,26800
479,1,5.0,0,5300
383,1,3.0,0,7500
1700,4,6.1,1,28100
1110,2,14.6,1,11300
928,3,8.9,0,13900
1393,3,6.7,1,26100
844,2,8.7,0,14700
448,1,10.2,1,6100
1381,3,6.8,1,23900
522,1,7.0,1,8400
1107,3,10.7,1,18500
1721,4,1.4,0,31600
1701,4,8.3,0,28900
809,2,8.4,1,8600
1459,3,11.5,0,17900
1199,3,14.7,1,16400
993,2,12.0,0,10500
466,2,7.8,1,7300
833,2,3.0,1,14100
1260,2,9.0,1,20300
1779,5,12.6,0,23600
257,2,14.0,1,5000
1362,4,12.5,0,20700
1561,4,3.2,0,28600
1724,4,10.8,0,23800
906,1,13.3,0,5000
433,1,10.4,1,5100
669,2,10.4,1,13300
1568,3,7.8,0,18300
1610,3,9.7,1,20100
1237,3,4.8,1,21400
440,1,1.8,1,11500
438,1,12.5,0,5000
991,2,14.2,1,13100
1161,3,12.9,0,16600
300,1,5.3,1,8100
1313,3,1.9,0,24800
1093,2,4.6,1,20100
269,1,12.7,0,5000
398,1,10.0,0,5000
954,2,14.5,0,5700
1370,3,5.5,0,18200
1529,3,8.5,0,21000
918,3,12.0,1,14700
707,1,3.9,0,7100
1750,4,14.5,0,22000
960,2,9.1,0,10000
738,2,0.6,0,12800
935,2,0.9,0,16000
268,1,13.3,1,5000
717,1,9.9,0,8200
1049,3,11.6,1,15500
1673,4,11.9,0,24800
1394,4,6.6,1,24500
1461,3,12.1,0,17000
1094,2,14.1,1,17400
421,1,3.0,1,6400
855,2,11.6,1,14900
1795,4,5.0,1,35700
318,1,5.2,1,9600
1612,4,6.5,1,27500
1310,2,13.0,1,19700
690,1,0.8,0,11900
1455,3,6.8,1,22400
1547,3,10.4,1,21800
316,1,2.1,0,5900
414,2,12.0,1,5000
1281,3,14.2,1,19700
1798,4,1.8,0,29400
287,1,2.7,0,6500
1281,3,14.6,0,10500
461,1,3.4,1,10700
1257,2,1.6,1,20600
1216,3,14.3,0,10600
390,1,13.4,1,5000
1305,3,10.0,0,20300
1640,3,8.5,1,26300
1588,3,13.8,0,19700
294,1,10.0,1,5000
631,2,10.0,0,6700
623,1,12.7,1,8100
952,2,10.0,1,12500
471,1,7.8,1,9800
1574,4,6.2,0,28600
1453,4,7.8,0,20900
1502,3,8.1,0,19600
557,2,5.7,0,8300
272,1,7.0,0,5000
1661,4,12.1,1,23800
697,1,6.5,0,12100
1267,3,0.9,0,21000
1659,3,4.6,0,29000
306,1,3.9,0,5000
258,1,12.0,1,7500
258,1,7.0,0,5000
492,1,4.6,0,7300
330,1,12.3,0,5000
1520,3,0.8,1,27500
1189,3,3.0,0,24500
1769,4,12.5,0,24700
1492,3,8.5,1,26000
1742,4,11.7,1,22900
619,1,12.7,0,5200
696,2,14.2,0,5000
1566,5,1.4,1,30000
629,2,12.1,0,6700
338,1,10.8,0,5000
1287,4,3.5,1,26600
1491,4,14.0,1,23400
1750,4,6.4,0,29700
1688,4,13.4,1,28100
436,1,9.3,1,5000
1446,3,8.1,1,26900
1561,3,2.8,1,33000
1332,3,13.8,0,14400
1520,3,8.6,0,17000
1548,4,0.6,0,25700
942,3,0.8,0,18600
312,1,11.8,1,8000
957,2,2.8,1,19100
562,1,9.2,1,6300
426,2,10.4,0,5000
443,1,4.6,0,5000
1330,2,8.8,0,19000
1032,2,4.0,1,18900
1086,2,14.2,0,15300
1405,4,13.0,1,22800
1099,3,4.7,1,23500
1226,3,8.2,0,17400
383,1,7.8,1,5000
1569,4,14.4,1,20100
945,2,6.2,1,13100
490,1,8.7,0,7100
1510,3,14.0,0,16400
1388,3,2.9,0,26000
332,1,8.5,1,5900
549,1,2.0,1,12000
274,1,9.5,0,5000
669,1,5.8,0,9700
404,1,14.5,1,5000
1350,3,6.5,1,25400
1059,2,2.5,1,18700
1769,3,12.6,1,25400
1411,3,12.4,1,23900
1197,3,10.6,1,19100
1039,3,11.4,1,18000
334,1,4.3,0,7400
358,1,9.8,0,7200
1205,3,1.1,0,23600
256,1,3.4,1,9900
315,1,14.0,0,5000
589,2,11.2,1,6800
1620,3,3.8,1,25300
961,2,2.1,0,20200
1349,3,14.3,0,12700
887,2,2.1,0,18000
518,1,4.2,1,11800
825,2,3.1,0,17000
392,1,0.6,0,8000
1443,3,5.1,0,20800
534,1,14.6,0,5000
833,1,5.5,1,12900
1769,4,7.8,1,26200
1167,3,11.3,0,19900
960,1,8.5,1,11100
1091,3,11.3,1,14200
1465,3,10.1,0,18900
644,2,9.3,0,11400
1236,2,9.9,1,12000
1602,4,12.1,1,27200
1137,2,10.8,0,10800
942,2,12.0,0,10600
474,1,2.6,1,9700
634,1,10.3,1,12900
1716,3,11.2,0,22100
1088,2,4.8,0,14900
717,1,13.2,1,6100
898,2,4.9,0,14600
1145,2,4.0,0,18400
1083,3,13.1,1,16400
1334,3,4.1,0,22100
649,1,6.5,1,7300
1256,3,5.8,1,21700
936,2,13.5,0,10300
1707,4,7.1,0,24800
494,2,10.6,1,9700
480,1,12.0,0,5000
965,2,9.6,1,13800
1037,3,14.2,0,14500
1320,3,12.1,1,14500
876,2,6.3,0,11400
1666,3,14.3,0,22100
984,2,8.1,1,20200
450,1,0.8,0,15600
434,1,4.3,0,7300
1758,4,9.5,1,29100
457,1,2.8,1,13100
1719,4,9.0,0,28500
681,2,5.7,1,14500
394,1,8.2,0,6300
722,1,0.5,0,14500
1202,2,12.8,0,13800
913,2,5.7,1,14200
1467,3,2.5,1,26500
1197,3,6.8,0,17300
871,2,7.5,1,11700
1233,3,9.7,0,12900
1755,3,8.1,0,23300
888,1,1.1,0,14200
487,1,13.1,1,5000
883,3,7.1,0,16000
1552,4,1.6,1,31500
587,1,11.7,0,5000
1721,3,10.1,1,22800
1161,2,9.9,0,16200
1182,3,6.7,0,18200
741,1,6.5,1,10800
1676,3,8.3,1,25300
305,1,1.2,1,8500
712,2,4.8,0,10900
898,2,14.8,1,8500
989,2,10.1,0,11100
984,3,6.6,1,20300
479,1,3.7,1,11700
599,1,11.3,1,10600
397,1,4.3,1,12300
1137,2,2.9,0,23500
793,3,2.7,0,18000
1126,3,11.1,1,18600
1164,3,9.8,0,14900
1338,3,1.5,0,26100
1097,3,2.2,1,21500
1254,3,9.7,1,16100
1160,2,8.8,1,21100
1261,4,10.4,1,18200
1205,3,3.1,1,24900
740,2,11.0,0,6000
631,1,14.1,1,8000
1470,4,9.2,1,27900
781,1,3.3,1,15900
1101,2,10.4,1,18500
555,1,5.5,0,7800
918,3,1.2,1,27300
1070,3,4.9,1,22800
1220,3,13.6,0,11900
1065,2,6.5,1,17900
809,2,13.0,1,9700
1740,4,7.9,0,25700
1044,2,8.0,1,12300
1502,3,0.6,0,27600
1391,4,9.7,0,17400
1115,2,2.1,1,15100
1623,4,7.4,1,26900
448,1,4.3,0,5500
1677,4,6.2,0,24600
1567,4,8.3,1,18700
1030,3,0.7,1,21200
1386,4,4.6,0,24000
1056,2,14.8,0,7700
666,2,1.3,0,15100
1489,3,5.1,0,26800
631,1,5.2,0,10200
737,2,6.0,0,14200
1054,2,10.4,1,17600
1547,3,4.1,1,24600
845,1,7.2,0,11200
1015,2,9.9,1,17200
314,1,5.2,1,6500
429,2,14.3,0,5000
336,1,14.7,1,5000
361,1,2.2,0,5000
1596,4,5.5,1,26100
1555,4,3.5,1,28000
1523,3,3.2,1,28700
336,1,7.6,0,5000
370,1,8.7,1,8400
684,2,6.7,0,8200
1126,2,4.5,0,14900
767,2,4.5,1,16900
1005,1,14.9,0,5000
518,1,13.9,0,5000
1382,4,1.6,1,24300
736,2,10.0,1,12100
353,1,7.1,0,8100
1401,4,10.5,0,17900
1649,4,9.2,0,26900
272,1,13.4,1,5000
926,2,1.5,0,12600
1532,4,5.6,1,25700
1344,3,14.8,0,12400
1577,4,3.1,0,27000
893,2,2.3,0,17200
827,2,11.1,1,16300
1349,2,11.8,0,11400
488,1,10.2,1,5000
621,1,11.8,0,5000
1181,3,10.6,1,15100
1286,4,2.5,0,24900
435,1,9.3,0,5000
1037,3,11.8,0,8600
815,2,13.0,0,7700
1027,2,4.1,0,13400
1735,4,2.3,1,32700
368,1,11.8,1,6800
1792,5,4.2,0,32700
946,2,1.0,0,18100
1446,3,12.5,0,16300
907,2,7.8,1,15100
731,2,5.2,0,13500
1444,3,0.7,0,27000
1315,3,1.0,1,26300
473,1,12.0,0,5000
1343,2,7.6,0,14500
1417,3,2.7,0,22300
851,1,5.7,0,13000
1684,3,2.9,0,29300
1243,3,2.1,1,25200
767,2,4.5,1,19300
266,1,8.5,0,5000
1296,3,3.5,1,24000
574,1,5.5,0,5000
1422,3,7.4,0,24500
1063,3,6.6,0,19100
973,2,2.4,1,24000
503,1,1.1,0,15700
1352,3,1.0,1,23800
507,1,5.6,1,6500
897,2,10.9,0,5000
1546,4,2.4,0,30200
1676,4,11.9,0,24400
1783,3,10.9,1,25500
1734,3,0.6,0,26300
1111,2,0.9,0,19500
560,2,3.3,1,14400
1550,3,1.3,0,28600
1492,4,8.2,0,23800
1784,4,1.1,0,33300
1258,3,12.1,0,15300
469,1,7.6,1,10800
1029,3,11.1,1,17700
944,2,11.4,0,7400
1556,4,7.8,0,27700
858,1,13.9,0,8600
759,2,14.9,1,9300
374,1,5.7,1,8700
1544,3,2.3,1,32600
1420,3,5.8,0,17900
313,1,3.7,0,9300
922,2,8.2,1,13600
993,3,6.0,0,19500
977,3,7.5,0,15800
1674,3,11.6,1,20400
483,1,4.5,0,6400
724,1,8.3,0,10400
530,1,5.4,1,9600
628,2,11.9,0,5000
1656,3,9.8,0,20400
1708,4,0.6,1,35200
319,1,10.1,0,6100
1229,3,3.0,1,18800
610,2,11.0,0,13600
548,2,8.7,1,10500
702,1,6.3,0,10500
551,2,10.6,1,7600
1009,2,12.9,1,12600
1793,3,11.8,1,25200
1158,2,8.4,0,12400
1371,4,11.0,0,17700
1014,3,6.5,1,22100
271,1,11.9,1,5000
380,1,12.5,0,5000
666,2,2.5,0,12300
627,2,4.0,0,9300
1552,4,4.4,1,34000
1557,4,2.9,0,25300
1573,4,6.2,1,25200
1238,3,3.3,1,23600
1112,2,9.1,1,14600
1256,2,2.0,1,23200
880,2,4.4,0,14900
1288,3,10.2,1,20400
1481,4,6.3,0,24100
1432,3,6.6,0,19800
1201,3,12.1,0,16600
340,2,14.8,0,5000
1373,3,8.7,1,20600
818,2,1.6,1,21900
1402,3,2.0,0,24100
1086,3,14.5,0,14600
1615,3,10.3,1,26700
774,2,11.4,1,14000
1693,3,10.3,1,26300
1558,3,3.1,0,25500
763,2,7.0,1,13600
997,3,12.1,0,11900
1073,3,13.1,0,7300
1441,3,3.9,0,25400
1318,3,9.1,1,21600
1570,5,2.8,0,31900
823,2,14.4,1,9000
1032,2,4.2,1,20600
917,1,11.0,0,5000
1659,4,3.9,1,27800
722,2,9.4,1,5400
1160,4,10.1,1,20000
436,1,5.3,0,5000
1567,4,12.4,1,21400
845,2,13.3,1,11200
777,2,12.9,0,6200
1153,2,5.3,1,16000
1023,3,11.3,0,19700
1564,4,8.6,1,26200
1073,2,9.1,0,10800
1051,3,7.4,0,14800
412,1,9.2,1,5600
284,1,2.5,0,6200
867,2,6.4,0,16200
1797,3,3.1,1,30700
1671,4,4.6,1,35000
1224,3,2.4,1,23400
1227,2,3.6,1,22800
856,2,11.8,0,11600
525,1,8.5,1,10800
263,1,0.8,1,13400
775,1,11.9,1,7800
740,1,13.7,1,6800
546,2,13.3,1,5000
651,1,12.4,1,6100
288,2,14.9,1,5300
1192,3,9.0,0,19200
1687,3,14.5,1,21400
1320,4,14.3,0,21100
944,2,5.0,0,13900
901,2,13.0,1,9400
726,2,12.0,1,8600
470,1,11.7,0,5000
1177,3,13.5,0,15200
1128,2,6.1,1,19500
261,1,6.3,1,7700
894,2,9.8,1,12300
680,2,11.2,1,9700
513,1,13.3,0,5000
1339,2,13.2,0,14800
1065,2,11.0,0,12300
1232,4,14.4,1,15500
1355,3,3.1,1,25300
1771,4,14.3,0,21600
1494,3,1.4,1,32900
1211,2,8.6,1,15400
1612,4,1.8,1,32400
990,2,8.7,1,12600
1776,5,6.2,0,28600
1430,3,1.7,1,28200
1258,4,9.9,0,18600
1650,4,11.1,1,25500
1048,3,3.0,1,22800
1367,3,10.6,0,16700
691,2,3.1,1,17800
1742,4,2.5,0,29400
1216,3,2.6,0,21500
1462,4,9.2,1,25500
964,2,11.8,0,10900
1593,4,9.2,0,25300
364,1,12.2,0,5000
426,1,9.1,0,5000
1036,2,12.1,1,12600
1385,3,14.7,0,12700
1504,3,6.2,0,19100
932,1,2.7,0,10100
1256,3,2.5,1,29200
1107,2,9.2,1,10800
1740,3,8.4,0,27000
1263,3,3.2,0,19900
896,2,13.3,1,13900
1753,4,14.4,0,16400
416,1,4.2,1,9000
1776,3,3.5,1,34000
488,1,3.6,0,10100
696,3,6.1,1,14700
1523,3,12.9,0,13400
1387,3,9.1,0,16000
1754,4,1.5,1,37000
1412,3,7.4,1,22400
1237,2,1.8,1,22900
787,2,6.4,0,12700
257,1,6.4,0,5000
441,1,9.9,1,6900
711,1,8.5,1,9000
313,1,13.2,0,5000
1037,2,0.7,1,20000
1454,3,11.7,0,14300
1743,5,0.8,0,32300
1009,3,4.9,0,19300
1606,4,13.3,1,24400
1777,4,10.5,1,27600
1582,3,3.0,0,28100
970,1,7.6,0,10800
754,2,11.0,0,8500
1765,4,14.1,0,21100
624,1,9.7,0,8100
887,2,0.9,1,20200
364,1,7.7,0,5000
1480,3,2.7,0,21100
1257,3,1.2,1,28500
381,1,9.2,1,5000
593,1,11.8,0,5000
1110,2,1.0,0,25500
1087,3,11.9,1,18200
1493,3,10.7,0,23500
662,1,11.4,1,6100
1683,4,4.0,0,31100
938,2,6.2,1,16500
1525,3,2.2,0,26700
619,2,4.0,1,19200
307,1,4.9,0,5000
335,1,5.1,0,5500
827,2,3.0,1,15100
1727,3,3.2,1,32200
325,1,13.6,1,5000
821,2,11.9,1,13600
419,1,5.5,0,5000
1693,4,14.2,0,22700
1296,3,4.0,0,20100
1432,3,6.4,1,26000
1355,3,12.3,1,19100
1268,3,6.9,1,20500
1449,4,3.9,0,24700
262,1,5.8,1,5000
1591,4,7.8,1,29200
1396,3,9.5,1,19000
1396,3,6.4,1,23100
859,2,6.8,1,15900
1491,3,4.3,0,27900
841,2,8.3,0,11300
325,1,3.7,1,8200
1657,5,13.1,1,26900
613,1,11.3,1,5000
407,1,6.4,1,5000
1213,2,11.3,1,15200
612,1,0.6,1,12600
1580,4,5.5,1,24600
937,2,6.9,0,15600
256,1,7.3,0,5000
1725,3,11.4,0,22100
1047,2,14.5,1,10200
657,1,6.0,0,8900
1299,3,5.6,0,22000
1072,4,9.4,0,16600
295,1,4.6,0,6400
1427,2,2.5,0,20400
872,2,14.4,1,10100
1334,3,12.2,0,19300
1638,4,14.4,0,23700
1196,3,3.7,0,24100
1290,3,0.8,1,27100
644,1,6.8,1,10500
618,2,14.0,1,6000
893,2,2.5,0,11400
1571,3,2.2,1,25400
1062,2,1.5,0,18300
789,1,11.6,1,8600
1458,3,11.9,1,24200
1572,3,10.6,1,26200
1648,3,1.3,1,28600
713,2,11.0,1,12400
1349,3,7.0,1,21600
1164,3,2.8,1,25200
945,2,4.8,1,19500
865,3,7.8,1,19500
427,1,5.3,0,5200
675,2,14.6,1,9900
1101,3,7.4,0,12300
1624,4,5.9,0,29600
1592,3,10.3,0,20800
540,1,9.9,0,5000
1302,3,0.5,1,21700
381,1,9.5,0,5000
1296,3,4.0,1,27600
779,1,5.9,0,9200
947,2,10.7,0,12700
1362,3,8.6,0,19400
908,2,5.8,1,19000
1501,2,2.9,1,26000
1077,3,7.8,0,14100
1798,3,5.1,1,29600
1239,2,13.7,1,18800
709,2,8.2,1,13500
1451,4,13.1,0,19000
882,1,6.2,1,19400
1077,2,12.5,1,16600
462,1,1.3,1,14200
434,2,4.8,0,9600
1141,2,1.6,1,23900
539,1,1.0,0,12700
1796,5,13.8,1,21900
1576,3,10.9,1,23800
1336,3,9.6,0,17900
1388,2,8.2,0,16700
1172,3,8.8,1,18900
343,1,9.8,1,5000
858,1,12.5,0,5000
1018,3,9.2,1,20400
1668,4,11.4,0,24200
590,1,4.6,1,5300
1020,2,14.7,0,7500
783,2,1.0,1,20400
458,1,6.1,1,8000
409,1,13.3,0,5000
816,1,3.1,1,17700
377,1,2.5,0,5000
354,1,5.8,0,5000
793,2,6.7,1,13200
563,1,14.0,1,5000
1109,3,12.6,0,9900
277,1,7.2,0,5000
717,1,14.6,0,5000
952,2,9.8,0,12300
1742,4,13.2,1,27800
1233,2,4.1,0,20200
1615,4,7.6,1,29400
782,2,0.9,0,15100
947,3,0.6,0,21500
901,2,10.7,1,12500
1625,4,2.2,1,30400
1736,4,8.4,0,30700
1741,4,10.6,0,18600
1415,3,1.0,0,20600
1029,2,7.0,1,17900
1088,2,10.4,0,12100
1769,4,13.4,0,19300
691,2,4.8,1,11800
787,2,14.6,1,6400
1640,3,12.7,1,24500
848,1,9.9,0,11300
614,2,6.2,1,16600
1118,2,10.8,0,8900
754,1,12.3,1,5000
1630,4,4.9,0,23500
1659,4,14.9,1,26200
724,2,13.7,0,7100
1070,2,7.5,0,14800
1775,4,11.0,1,27700
1400,3,8.1,0,20000
584,1,11.5,1,5000
1165,3,12.5,1,18000
1210,3,0.8,1,25000
1262,4,1.6,0,22000
288,1,5.4,1,8600
714,1,13.8,0,5000
1574,3,6.3,0,24000
624,3,13.4,0,6800
714,2,7.2,0,12800
749,1,4.7,0,11200
524,1,13.6,0,5000
490,1,8.6,0,5700
787,1,5.7,0,11300
1605,3,1.1,0,28800
252,1,2.1,1,11600
689,1,2.5,0,10000
343,1,5.8,1,9200
1120,2,9.3,1,12100
638,1,5.0,0,8900
1477,3,1.5,1,27500
1156,2,4.3,0,21500
1464,4,6.4,0,23700
1234,2,14.9,1,15400
929,3,6.2,0,11400
1584,3,1.8,0,25900
988,2,8.9,0,10500
1722,4,13.8,0,28200
1791,5,11.9,0,24500
1162,3,12.6,1,16800
1295,3,14.0,0,15100
646,1,9.7,1,5000
1512,3,14.9,0,15400
1290,3,1.0,1,27300
1648,3,12.6,1,22700
663,1,12.9,1,5000
1470,3,13.8,1,18100
978,2,7.4,0,16100
537,1,11.9,1,7100
515,1,3.3,0,11900
1121,3,9.2,1,16000
745,1,5.7,1,15700
407,2,9.1,1,7900
912,2,10.3,0,14700
1262,3,5.5,1,22800
744,1,3.6,1,8800
1730,4,5.2,1,32700
1458,3,10.1,1,20800
1044,2,10.3,1,13900
1698,4,11.2,1,22400
921,2,2.3,1,23000
466,1,12.4,0,5000
305,1,10.5,1,7700
1703,3,0.9,0,27700
1737,3,5.4,1,26200
1395,3,7.3,0,23900
409,1,5.7,0,5700
705,1,2.2,0,11800
313,2,3.5,0,5100
329,1,0.9,0,7200
631,2,1.8,0,14400
1136,3,4.4,0,16300
351,1,12.4,0,5000
1776,3,8.1,1,26100
955,2,6.7,0,13900
658,1,10.1,1,12000
1049,4,8.4,0,17000
1474,2,2.4,0,21300
734,1,3.7,0,18100
323,1,3.7,0,5200
328,1,9.2,1,5000
1570,4,7.2,1,26400
422,2,6.1,0,7100
1235,3,8.6,1,20500
845,1,14.6,0,7200
1455,2,5.1,1,24400
343,1,8.0,0,6200
1641,3,7.5,0,26100
1332,3,10.9,0,17900
946,2,11.1,0,11500
570,1,11.1,1,9300
1764,4,3.4,1,29500
718,1,7.0,1,17500
1010,2,12.3,1,11700
860,2,6.0,0,12200
607,1,14.8,1,5000
895,2,5.8,1,13200
484,1,7.7,1,10400
252,1,7.4,0,8500
699,1,6.8,1,9700
423,1,12.8,1,5000
892,1,2.8,0,14300
1587,4,8.7,1,29000
501,1,9.5,1,12400
251,1,12.8,1,5400
422,1,9.3,1,5500
1037,2,14.4,0,10700
675,2,13.1,1,10000
1008,2,5.6,1,17600
295,1,13.0,0,5000
766,2,14.4,1,6600
885,2,4.2,0,17600
918,2,9.3,1,17100
1104,2,4.6,0,16500
1459,4,9.9,0,22200
974,3,1.9,0,22400
1553,3,11.1,0,15600
1071,3,6.6,1,18600
653,1,9.0,0,11600
604,1,0.9,1,14900
749,2,10.6,0,5700
1176,2,7.7,0,16000
625,3,9.6,1,14800
1666,4,5.1,0,21100
993,2,2.6,0,17500
1588,4,6.8,1,26900
1309,2,14.2,0,8700
766,1,3.8,1,14200
603,2,10.3,1,9200
1403,3,1.2,1,27400
762,1,10.9,0,5600
632,2,4.0,0,9200
1692,4,7.0,1,25300
998,2,5.8,1,15700
325,1,2.1,1,12100
1016,2,5.5,0,15900
964,2,5.6,1,17000
1589,3,8.1,1,22300
1352,2,14.6,1,14600
546,1,7.3,1,10800
483,1,13.8,0,5000
1185,2,7.2,0,15000
323,1,2.1,0,5000
744,2,3.8,1,14100
464,2,6.4,1,9400
281,1,5.2,0,5000
1674,4,13.1,0,20900
389,1,10.3,0,5000
264,1,8.9,0,5000
1695,4,7.6,0,28500
541,2,6.3,1,7800
1515,4,9.4,1,24300
298,1,2.3,0,5000
488,1,2.9,0,7800
421,1,4.9,0,5000
1344,3,3.0,0,26200
1211,2,10.3,0,15300
987,2,0.9,0,20800
624,2,2.8,0,11500
387,1,13.6,0,5000
1132,2,15.0,1,10000
607,1,7.6,0,7600
1164,2,7.7,0,20100
1315,3,11.7,0,17600
1566,3,1.0,0,26200
1015,3,6.7,1,18500
257,1,1.9,0,6700
685,2,6.3,0,15900
1572,3,14.8,1,23100
1076,2,11.4,0,12600
1209,2,14.8,0,11400
959,2,11.3,0,11300
502,2,9.3,0,7700
1639,4,11.4,1,24200
1448,4,10.1,1,21700
1792,5,7.2,0,32000
1576,3,4.7,0,24700
701,1,8.0,0,10200
644,2,4.2,1,18400
635,1,7.6,1,11100
1674,4,2.6,0,30200
1113,3,8.7,1,26800
954,2,4.1,0,16100
1750,4,4.8,1,28400
1185,3,7.7,0,17100
1659,4,2.9,0,32800
1776,4,14.5,1,21400
373,2,7.0,1,7200
810,2,5.6,0,15600
1387,3,0.9,1,26800
1510,3,12.7,0,18000
480,1,9.6,0,6700
743,2,6.5,1,12100
1099,2,4.1,1,16100
1488,3,11.3,0,15500
425,1,14.2,1,5000
1181,2,6.0,1,20100
709,1,2.5,0,10000
585,2,2.1,1,12200
1048,2,0.6,0,18500
891,2,11.3,1,15100
1235,2,14.7,0,9400
742,1,14.9,0,5000
1526,4,11.9,0,18000
371,1,2.9,0,6500
1585,3,14.7,0,18600
296,1,5.3,1,12600
1390,4,5.3,0,24500
787,2,10.5,0,9000
844,2,1.2,0,18400
279,1,12.5,0,5000
1338,3,15.0,0,13100
506,1,11.7,1,11100
1271,3,11.8,0,15900
1374,2,6.2,1,22200
1560,3,1.5,1,30500
1347,3,12.0,0,17600
717,2,9.2,1,15500
1394,3,13.7,0,14700
1530,3,2.2,1,30300
741,2,4.9,1,15400
442,1,5.7,1,11300
1629,4,10.4,1,25200
479,1,11.9,0,5000
1170,2,14.4,0,12800
616,2,4.8,1,14400
445,1,7.7,0,5000
1453,4,0.9,1,33700
472,1,4.2,0,9600
1288,3,5.9,0,20100
1324,3,9.1,0,17300
343,1,7.3,1,7400
518,2,5.8,0,10800
1481,3,9.5,0,16100
1036,2,12.5,1,14100
438,1,4.0,0,9100
1787,4,5.5,0,22700
660,1,10.7,0,5900
256,1,11.8,0,5000
1682,4,12.5,0,23900
275,1,3.5,1,10400
1107,2,8.3,0,13700
1789,4,13.6,0,20300
1145,2,6.2,0,11900
1156,3,6.7,0,20900
851,1,14.8,0,6600
446,1,2.1,1,14300
1137,1,10.7,1,11800
1640,3,12.8,0,21700
391,1,2.7,0,5000
1614,3,10.9,1,21100
893,3,7.3,0,14900
1081,3,12.9,0,14600
506,1,13.7,0,5700
1213,3,13.2,0,13700
532,2,1.4,1,12700
673,1,11.5,1,5200
1368,3,13.9,0,14000
328,1,9.5,0,7800
943,2,9.2,0,13800
1171,3,1.2,1,27500
454,2,12.9,0,5000
706,2,1.2,0,14600
782,1,5.0,1,15100
1278,2,13.9,1,13800
1763,4,14.3,0,21400
1546,3,14.9,0,15400
544,1,7.4,0,5200
278,1,3.1,1,8800
330,1,7.6,1,5000
1173,2,2.0,1,22900
492,1,13.2,0,5000
608,1,8.6,0,5800
1563,3,6.4,0,21200
1604,4,1.7,0,29300
1550,3,6.4,0,21900
643,2,13.1,0,5700
1210,1,10.7,0,14800
1196,3,1.7,1,21500
537,2,2.8,1,19400
1107,2,6.2,0,15800
1064,3,2.0,0,21400
864,2,14.0,1,8200
1415,3,10.0,0,21800
1300,3,1.9,0,23000
1075,2,11.9,1,13100
1374,3,5.8,0,20000
1432,4,4.1,0,24600
1128,3,8.8,1,19900
664,1,0.7,1,15400
1425,3,7.2,0,21000
1362,3,12.7,1,17200
1774,4,14.0,0,20600
482,1,5.5,1,8300
899,2,9.8,1,14600
1682,4,3.8,1,32700
1047,2,8.6,1,18000
1711,4,4.2,1,31100
269,1,8.8,0,5000
304,1,3.0,1,8600
1483,3,14.1,0,12600
805,2,13.4,0,6700
1056,2,5.4,0,15000
913,2,11.8,0,7100
882,2,1.9,1,17300
1706,3,11.2,0,22000
395,1,4.6,0,5000
1446,4,2.5,0,24800
1628,4,10.3,1,29700
1268,2,7.3,1,15600
862,2,8.2,1,13600
498,1,8.0,0,5000
1308,5,1.4,1,28300
976,2,1.2,0,17400
481,1,9.2,0,5000
807,3,9.5,1,16000
1740,3,1.2,0,32400
661,2,6.0,1,15300
526,2,9.4,0,9300
1307,3,10.0,1,16700
559,1,12.5,0,5000
1675,4,6.6,1,30100
1581,4,8.4,0,26300
1774,4,8.9,1,32900
1664,3,5.0,1,30600
627,1,1.3,0,13900
578,1,0.6,0,18100
781,2,12.6,1,10300
978,3,3.4,0,17600
1613,4,9.6,0,24100
1386,3,8.9,1,19600
1248,2,6.3,0,17700
1611,3,12.6,1,17700
1251,3,10.6,1,17800
837,1,0.8,0,14200
890,2,11.8,0,11800
1051,2,7.9,1,19400
387,1,5.5,1,5900
1399,3,11.0,1,25800
1261,3,10.4,1,19700
1383,3,5.0,0,22700
1077,3,14.8,0,7500
1463,4,9.9,1,22600
1722,4,9.3,1,30300
1133,2,1.5,0,20000
938,2,4.6,0,15300
412,1,7.0,0,5600
1456,3,9.6,1,18600
1651,4,7.9,0,25000
1334,2,11.6,0,18400
1591,3,4.3,0,27800
1584,4,10.7,1,24700
1487,3,12.3,1,24600
1029,2,11.6,1,10600
404,2,11.7,1,5000
255,1,13.4,1,5800
566,1,1.7,0,12000
918,2,10.6,1,12400
1402,3,14.5,1,18000
956,2,8.8,1,12800
285,2,3.7,0,8500
576,2,15.0,0,5000
1767,4,3.0,0,30200
1781,4,5.4,0,25700
834,1,3.0,1,16100
1497,4,7.2,0,22600
1364,3,6.6,0,18300
1693,4,7.6,0,29200
1625,3,14.0,1,26600
1224,2,7.4,0,21400
861,2,8.0,0,13400
1221,2,13.4,0,11600
744,1,12.4,1,7600
789,2,4.0,0,14700
1193,4,0.7,0,23800
1135,3,9.6,1,21700
1150,2,12.8,0,6800
846,2,8.5,0,10500
884,2,3.6,1,19600
265,1,11.2,0,5000
1182,2,10.2,1,15900
1142,3,8.7,1,20600
1699,4,13.0,0,26100
1031,3,11.9,0,9800
974,2,10.2,1,10600
354,1,10.1,0,5000
554,2,10.1,0,5000
773,2,8.1,1,9400
834,2,7.2,0,9500
812,3,10.8,0,14300
860,2,9.4,0,10000
1441,4,7.6,1,25600
453,1,2.3,1,8900
765,3,10.7,1,14800
502,1,9.9,1,11300
727,1,5.5,1,10200
1311,3,5.7,1,27600
322,1,4.1,0,6900
776,3,14.4,1,10800
286,1,13.0,1,5000
1730,4,8.6,0,26700
1377,4,6.3,1,30300
627,2,11.2,0,8000
557,1,8.2,1,9800
403,2,14.6,0,5000
982,3,1.3,1,24500
1417,3,1.0,1,25400
1155,3,8.7,1,19500
1615,4,3.4,0,35200
782,2,9.3,0,5000
681,2,11.8,1,10000
990,2,2.5,1,20300
563,1,6.9,1,8900
1762,3,10.5,0,22300
537,1,12.6,1,5400
992,2,7.7,0,12900
1059,2,3.5,0,17800
338,1,9.0,0,5000
976,2,7.1,0,18800
954,2,11.7,1,12100
652,2,8.6,1,12700
448,1,4.6,0,5500
320,1,11.4,1,5700
263,1,8.0,0,5000
996,1,3.1,0,15800
389,1,8.7,0,5000
1736,4,14.3,1,22400
629,1,10.7,0,9300
1261,3,4.8,1,21400
1293,4,10.8,0,20600
1018,2,4.6,0,13600
1619,4,8.4,1,29600
421,1,8.1,1,5200
612,1,4.1,0,7100
641,2,5.5,0,9100
459,1,14.2,1,5000
706,1,4.1,1,14100
734,1,12.1,0,5500
1435,3,10.2,0,16300
717,2,8.2,0,9800
1608,3,2.5,0,23700
1447,3,3.5,1,28000
1647,3,3.1,0,28700
413,1,9.0,1,6100
1776,5,14.6,1,27300
1201,3,13.2,0,18600
1772,4,0.9,1,33700
800,2,4.5,1,13600
1727,4,2.8,0,31200
1162,2,14.6,0,7900
361,1,3.9,0,6100
885,3,3.4,0,15700
463,1,9.5,0,5000
1708,4,8.6,1,27400
721,1,3.8,0,13200
594,1,10.2,0,7800
1106,3,1.9,1,25800
909,2,0.8,0,18200
400,1,1.7,0,8000
1515,3,5.8,0,17200
1560,4,14.6,1,22900
1401,3,8.4,1,16700
1205,2,11.4,1,11200
873,2,5.2,1,15900
1090,3,10.9,0,15100
1057,2,14.5,0,8400
506,1,5.7,1,13400
376,1,15.0,0,5000
642,1,9.8,1,7700
954,3,11.4,1,18400
498,1,4.2,1,14400
415,1,9.8,0,5000
1570,4,7.9,1,24900
831,1,14.4,0,5000
1155,2,13.6,0,7700
1062,2,6.3,1,17700
1389,3,14.2,0,13100
1396,3,13.3,0,15600
708,3,9.1,1,14300
1564,4,1.7,0,23600
825,1,2.8,0,9800
1544,4,1.6,0,27100
877,2,2.1,1,18400
422,1,14.7,1,5000
1428,3,3.6,1,25400
296,1,10.5,0,5000
1447,3,9.7,0,16000
316,1,9.7,0,5000
570,1,3.5,0,8900
1185,2,8.9,0,14200
1709,5,9.6,0,27100
883,2,8.8,1,15000
437,1,3.2,1,12200
611,1,11.0,0,5000
1638,4,1.6,0,25600
1376,3,9.1,0,22300
405,1,6.8,0,6100
846,2,4.1,0,11900
660,2,12.2,1,9600
525,1,3.1,0,11800
1562,3,14.0,1,24800
1207,4,13.3,0,16800
528,1,5.7,1,12500
1258,4,4.9,1,22100
891,2,2.5,1,18400
345,1,13.8,1,5000
947,2,9.6,0,12500
537,1,1.0,0,14800
630,1,7.9,1,10200
1612,4,1.7,1,29300
1350,3,8.8,1,18400
457,1,7.9,0,9100
1569,4,1.7,0,29900
1140,2,12.3,0,13200
1605,3,4.3,0,24400
1407,3,8.4,0,20700
775,2,9.8,0,7000
1079,2,14.5,1,13300
1072,1,7.7,1,12000
1365,3,13.8,0,14800
635,2,5.6,1,11600
766,2,12.9,1,5000
629,1,3.9,1,11500
709,2,10.8,1,8200
499,1,1.8,1,11700
306,1,14.8,0,5000
1707,3,14.3,0,23900
365,1,6.9,0,5300
1626,3,8.1,1,26200
254,1,9.2,1,5300
1454,4,4.5,1,30000
759,2,10.3,0,10000
1052,3,10.6,1,17400
687,1,8.1,1,11900
1010,2,2.6,0,11200
949,1,13.8,1,14500
1071,3,2.2,1,26800
859,2,9.6,1,13600
1081,2,2.0,1,17500
1529,3,2.6,1,31100
923,2,0.8,0,15800
810,1,5.8,1,14500
454,1,9.8,1,5000
807,1,8.1,1,17100
444,2,10.3,0,5000
532,2,10.3,1,8800
1725,3,2.5,0,22600
388,1,1.3,0,8600
997,2,9.6,1,13700
1543,3,10.0,0,23400
1727,3,8.6,0,22600
477,2,4.1,1,15200
503,1,12.3,1,5000
827,2,1.6,1,17600
1109,2,9.7,1,15400
1737,4,2.2,0,31500
571,1,10.0,0,5800
504,1,6.6,1,10700
642,2,10.9,0,7700
1605,3,1.3,0,29000
296,1,8.5,0,5000
839,2,2.6,0,16200
434,2,10.4,0,8900
493,1,2.2,1,7700
1671,3,1.6,1,31700
252,1,10.8,1,5000
748,2,1.4,0,18600
1668,4,3.8,1,32700
1192,2,12.5,1,15300
361,1,12.2,1,5000
970,2,12.9,0,7800
1754,4,5.2,1,29900
870,2,8.2,0,8400
1069,2,11.7,1,17900
1074,3,2.5,1,23800
1273,3,11.0,0,14300
540,2,1.9,0,12800
1551,3,13.7,0,20900
1782,4,9.7,1,30600
470,1,7.7,0,5000
1518,3,7.5,1,16600
1516,4,3.1,1,30500
1399,3,5.5,1,22200
824,2,11.0,0,10700
976,2,8.3,0,15300
1550,3,8.2,1,27100
486,1,3.3,0,12900
1534,4,10.5,0,25100
1677,4,6.2,1,33700
1306,3,3.1,0,25900
779,2,14.2,0,10100
1116,3,7.8,1,19300
327,1,8.2,1,5000
1694,3,14.7,0,25200
780,1,5.8,1,13000
338,1,14.2,1,5000
1481,4,10.6,1,22500
1269,3,9.7,1,22300
1215,2,3.9,1,15200
333,1,1.3,0,7100
1413,2,6.8,1,21400
1237,3,0.6,1,27100
1480,2,1.5,0,26400
1532,4,9.1,0,20300
578,1,11.0,1,8400
576,2,2.9,1,17400
1681,4,11.1,1,31800
1073,2,14.3,1,14100
928,2,11.3,0,9100
695,1,11.9,0,5000
1240,2,10.7,1,21500
1418,3,3.8,1,27700
253,1,5.7,0,5000
1106,2,14.3,1,8700
1789,3,10.1,0,21100
684,2,11.9,0,8500
685,1,14.5,1,6500
1611,4,3.9,0,22700
346,1,5.2,1,9600
866,3,9.8,1,11100
960,2,0.9,0,21300
1486,3,8.8,0,21200
449,1,12.2,1,5000
922,1,9.4,0,12000
486,1,4.8,0,8400
1470,4,11.0,0,24300
1230,4,2.6,0,24100
1019,2,13.5,0,10100
859,2,2.0,0,15200
487,1,13.0,0,5000
1678,4,7.7,1,32500
1253,3,6.7,1,20600
744,2,7.8,0,12100
891,3,3.4,0,15100
1375,3,7.1,0,15400
1365,4,12.8,0,18900
964,2,12.1,1,13500
719,2,2.9,0,13300
1272,3,10.3,0,13300
1270,4,12.9,0,18000
1179,2,12.4,0,13100
362,1,6.7,0,5000
982,2,1.2,0,14600
1201,4,14.0,0,15000
1722,4,6.2,1,31500
1064,2,5.7,1,19300
781,2,11.5,1,8600
1111,3,4.3,1,22200
524,1,12.6,1,7200
390,1,1.6,1,8100
1301,3,11.2,0,16900
1778,4,14.5,1,28000
1561,3,14.9,0,14100
1154,3,13.9,1,18500
312,1,13.1,1,6100
1781,4,4.5,0,28700
946,2,14.5,0,7300
698,2,14.0,0,8200
1633,3,8.2,0,22400
1406,3,6.3,0,15600
1411,3,2.1,0,24200
680,2,9.1,1,12500
1787,4,10.7,0,26800
951,2,6.4,1,14200
1073,2,6.4,0,14700
1413,3,8.8,1,24700
1272,2,0.9,1,24000
517,1,14.4,0,5000
718,1,4.7,0,13400
809,2,2.5,1,16900
1718,4,0.6,1,36400
1357,2,12.9,0,10800
817,2,13.0,0,7400
1388,2,1.9,1,26100
1394,3,2.7,1,26100
861,2,7.0,0,9500
874,3,3.2,1,13800
1636,4,11.2,1,29100
1120,2,1.3,1,22700
481,1,8.5,0,7700
1365,3,6.1,0,23400
1163,2,7.2,1,19900
1038,2,6.7,1,16500
1373,4,2.7,1,29300
1655,3,3.7,0,29900
762,2,1.4,1,17900
899,2,2.2,1,23500
543,2,14.7,1,5000
1252,3,4.6,1,19300
874,2,5.0,0,16500
780,1,2.3,1,13200
1329,2,11.4,0,20100
882,2,13.9,1,13700
969,2,12.0,1,16700
932,2,9.4,1,16300
650,2,12.3,0,5000
445,1,6.4,1,5000
1532,3,13.0,1,24500
392,1,12.1,0,5000
753,1,0.5,0,17600
1284,4,7.6,0,22800
453,1,4.3,0,7200
1266,3,1.8,1,26500
1386,4,12.8,1,22300
1277,2,0.6,1,23900
722,2,11.1,1,14000
280,1,14.8,0,5000
1625,3,7.5,1,26100
756,2,5.9,0,10400
1497,3,9.3,0,23700
556,2,12.2,1,5000
501,2,4.0,1,13800
1456,3,4.1,0,25500
1706,3,9.3,0,20900
1583,3,14.1,0,20600
1414,3,4.8,0,22500
632,1,6.0,0,7000
1665,2,14.9,0,19000
1285,3,3.1,0,19500
516,1,1.6,0,12200
450,1,9.1,1,5000
1600,4,0.9,0,30300
676,1,3.1,0,11100
1437,3,9.5,1,20700
464,1,10.1,0,5000
684,2,7.9,1,12000
689,2,6.1,1,16100
685,2,8.9,1,12900
1295,3,9.8,0,18800
1667,4,12.2,0,23200
1661,3,12.0,0,19400
1399,3,10.1,0,18000
563,1,13.5,0,5000
1738,4,12.7,1,25000
1090,2,2.4,0,21200
1096,3,14.4,1,14800
1337,3,13.4,1,19100
1442,2,5.2,0,17200
1727,4,0.8,0,33500
1152,3,9.3,1,17400
1195,3,6.9,0,15900
1405,3,11.4,1,24500
645,2,8.1,0,10800
726,2,1.6,0,17000
1219,3,4.0,0,22000
349,1,13.3,0,5000
746,2,1.0,0,14600
1362,3,11.2,1,22000
1762,3,4.7,0,29700
1055,2,7.1,1,17000
869,2,8.2,0,16900
932,2,4.1,0,14800
1312,3,10.0,0,14300
1093,3,10.6,0,10400
286,1,1.7,1,5500
1085,2,5.9,0,14900
870,2,11.3,0,8900
1336,3,11.0,1,21500
1606,4,8.4,0,24300
1741,3,11.8,1,26200
1195,2,2.1,1,22500
811,2,2.2,1,17700
938,3,10.0,0,11800
523,1,10.6,0,7400
1700,4,12.3,1,21500
1563,4,3.1,0,28300
1573,4,8.0,0,23800
758,2,10.1,1,13500
749,2,3.7,0,13300
1577,4,8.0,1,26800
1094,3,9.8,1,17100
1342,3,3.6,1,28600
1009,2,5.9,0,15000
936,2,3.6,1,23100
1229,3,13.6,0,14900
1510,3,3.9,1,26900
767,2,2.3,1,16700
1504,3,1.0,0,27800
628,2,1.2,1,14700
874,1,3.3,1,16000
1664,3,9.3,0,22500
1729,4,0.8,0,32000
1682,5,4.7,1,33300
739,1,1.3,0,14000
1557,3,6.4,0,23400
1700,4,1.2,0,34500
1766,5,9.3,1,31200
282,1,10.5,1,10000
1404,3,11.1,0,18200
1794,5,3.8,0,34300
1435,3,13.1,1,17700
611,1,10.5,0,8500
1432,3,1.3,0,23500
413,1,6.9,1,8800
994,3,11.6,1,14600
1220,4,5.0,0,23300
957,2,6.0,0,13700
1334,3,9.6,0,16300
622,2,1.3,1,15400
1189,2,14.5,1,17500
1249,2,3.0,1,23600
1232,2,0.9,0,17900
698,1,0.6,1,18200
723,1,6.3,0,7000
649,1,13.3,1,7800
965,2,12.4,1,13800
1158,2,13.7,0,12800
811,1,8.2,1,16100
885,1,7.0,1,11100
693,1,6.1,1,13100
589,1,1.2,0,14400
1269,4,13.7,0,15000
1514,3,7.7,1,22400
700,2,7.1,1,12200
1583,4,8.0,1,27700
1135,3,12.0,0,10700
509,1,3.8,0,9800
817,2,10.8,0,5700
261,1,10.8,0,5000
310,1,12.8,1,5000
771,2,0.6,1,23100
954,2,3.0,0,18000
1486,4,7.3,1,25500
458,1,12.8,0,5000
1550,3,14.5,1,20500
613,1,9.1,1,8400
464,1,3.6,1,13500
1334,3,3.2,0,20400
1450,3,9.8,0,24600
1187,2,3.5,0,22000
429,1,8.5,1,6200
428,1,12.6,0,5800
854,2,6.2,1,13500
948,2,6.0,1,17200
1797,4,1.0,1,31200
694,3,4.2,1,21500
548,2,10.6,1,5000
1716,4,5.7,1,26500
488,1,2.8,1,9800
290,2,2.0,1,14900
905,2,1.9,1,21400
871,1,10.1,1,11200
1210,2,9.4,1,20000
1610,4,8.0,1,26900
1695,4,7.8,1,29400
698,2,2.7,0,17600
1770,5,7.8,1,30700
1230,3,1.4,1,23400
357,1,13.9,0,5000
1704,3,1.3,1,32900
463,1,6.6,0,6200
1162,3,0.5,1,27600
1475,3,11.9,1,20400
636,1,2.9,1,13400
669,1,13.9,1,6700
988,2,1.1,1,21300
1621,3,12.4,1,26300
596,1,10.0,1,8600
1278,2,4.1,1,21200
951,2,3.4,1,19900
423,1,5.7,0,8600
1351,4,12.5,1,22900
1540,4,13.0,0,22200
1142,3,3.0,0,16900
523,1,5.6,1,5000
491,1,3.9,1,13900
906,2,2.3,1,19900
1034,3,9.9,0,14400
1105,2,5.5,0,18100
627,2,3.8,1,19200
1026,2,13.1,0,13700
707,2,11.4,0,9900
1313,3,11.7,0,14300
1484,2,1.1,1,24600
1261,3,13.8,0,8500
251,1,8.8,0,5000
1787,4,7.8,1,32300
286,1,0.7,1,13400
1799,4,13.5,0,24800
299,1,8.4,0,5000
1050,3,12.5,0,11400
414,1,10.0,0,5000
397,1,12.1,1,5000
1309,3,10.5,0,14900
1378,3,13.9,1,22700
433,1,3.8,0,5000
1763,5,3.4,1,33800
746,2,10.8,0,5000
743,1,7.8,0,9200
710,2,9.2,1,11600
964,2,10.8,0,10100
525,1,8.4,1,5600
908,2,11.9,0,9600
575,1,5.1,1,9500
329,1,13.0,1,5000
821,2,2.1,1,22800
1292,3,9.7,0,18100
1432,3,13.4,0,18100
797,1,4.2,1,13000
751,2,5.2,1,12900
1470,3,4.9,1,25700
1305,3,8.7,1,27300
1539,3,6.5,1,24700
1654,5,2.1,1,34800
1522,2,13.4,0,13800
1701,4,3.5,0,22100
895,2,8.2,0,10000
861,2,9.1,1,19400
748,2,1.1,1,19200
614,2,1.9,0,17100
1410,3,14.6,0,14800
1357,3,10.1,0,12300
1492,3,1.0,1,25900
509,1,12.0,0,5000
1011,2,7.9,0,14200
594,1,1.6,0,11000
1634,4,10.4,1,24500
664,2,7.7,1,14400
473,1,3.5,1,9500
1133,2,13.2,1,14600
1612,3,4.7,0,25500
1669,4,4.6,0,26900
398,1,4.5,1,6900
755,2,11.6,1,9400
487,1,10.7,1,10500
727,3,13.6,1,13500
1077,2,3.8,1,22300
684,2,11.9,1,7400
354,1,8.8,0,5000
1040,2,5.0,0,18700
331,1,1.0,0,10500
601,1,12.4,0,5000
250,2,4.0,1,8800
384,1,9.7,1,5000
926,3,8.5,0,16300
1568,4,0.6,1,34900
1450,3,14.9,1,16800
403,1,12.3,1,5000
303,1,7.6,0,6400
774,1,10.4,0,5400
1260,4,7.4,1,27900
1407,3,11.3,0,17700
1525,2,2.4,0,22700
780,2,7.0,1,14100
510,1,5.4,1,8900
290,1,7.2,0,6300
477,1,7.0,0,8000
351,1,2.6,1,12600
1584,3,14.7,0,18200
666,1,0.7,1,13900
1525,3,0.6,0,26900
1107,2,5.9,0,15100
1085,3,9.5,1,21500
954,2,3.1,0,18800
1519,4,8.2,0,23300
317,1,11.0,1,5000
393,1,1.9,1,14700
906,1,14.8,0,5900
861,2,5.4,0,13200
1095,3,9.8,0,19200
1393,3,2.1,1,25500
1160,2,10.8,1,15100
649,1,12.7,1,5800
757,2,2.0,0,11400
1416,3,2.3,0,25200
562,2,4.6,0,8600
1031,2,0.7,0,17500
1085,3,14.8,0,9900
1412,4,9.2,0,20000
1357,3,9.3,0,16700
970,2,14.4,1,11700
729,2,12.6,0,6500
820,2,12.3,1,10900
887,2,5.4,0,19700
589,2,5.4,0,9900
1219,2,4.7,1,22400
572,1,5.5,1,12300
1255,4,5.9,1,24300
1414,3,2.5,1,27400
1740,4,5.7,0,27900
434,1,7.0,1,8300
1427,3,5.0,1,23700
383,1,2.9,1,8800
772,2,5.9,1,14700
523,1,7.5,1,5000
501,1,11.0,1,9600
521,1,10.8,1,11600
318,2,3.4,0,8900
1525,3,1.0,1,30800
344,1,4.9,1,10900
867,1,2.8,0,10100
1333,3,6.2,0,23000
1785,4,14.7,1,23600
1573,4,3.1,0,33400
462,1,5.1,1,9000
1780,4,11.0,0,26900
1262,2,7.9,1,18700
528,1,1.1,1,18600
945,2,2.8,0,15100
1672,4,14.1,0,24100
859,1,2.0,1,18000
534,1,9.7,0,5600
1606,3,12.0,0,20400
1727,3,4.3,1,27500
1762,4,11.0,1,20500
1731,3,3.0,0,30400
1602,3,4.6,0,23800
954,1,5.0,1,18400
548,1,14.9,1,5000
1206,3,3.6,0,24000
592,2,2.4,0,14400
983,2,13.9,0,5000
1266,2,2.8,0,21800
1717,3,13.2,1,22000
698,1,9.9,0,9400
640,1,8.9,1,10400
1388,4,11.4,0,21200
260,1,11.0,1,5000
1127,3,2.1,0,18800
1406,3,15.0,1,16800
1103,2,14.2,1,8300
845,2,13.5,0,6200
1534,3,9.5,1,19600
825,3,8.1,0,9600
1351,2,8.3,1,20200
969,2,0.7,1,22000
291,1,7.7,1,5500
1072,2,9.5,1,14500
326,1,10.1,0,5000
1692,3,5.3,0,24800
1182,3,7.3,1,18500
826,1,9.7,0,8000
1003,3,6.7,1,15000
1209,3,14.5,1,17600
653,2,10.7,0,5900
697,1,0.5,1,16500
898,2,0.8,1,21900
650,1,10.5,0,6300
1424,3,6.5,1,26000
410,2,12.7,0,5000
1531,3,3.0,1,26500
790,1,0.7,1,19200
1119,3,6.1,1,21900
494,1,11.2,0,7700
847,1,14.6,0,9200
1419,3,13.3,0,17500
669,1,7.5,1,9600
455,1,12.3,1,5000
1058,3,1.5,0,19500
501,1,8.8,0,5000
737,1,13.9,1,5100
948,2,6.2,0,11700
1124,3,14.4,0,13400
1241,2,3.7,1,26000
1298,3,2.0,0,25500
1558,4,8.1,1,25700
352,1,13.7,0,5000
811,2,5.0,1,16600
251,1,12.1,0,5000
264,1,3.0,1,8300
579,2,11.3,0,5500
1177,3,8.6,1,21200
1636,3,3.0,0,26900
1448,3,10.9,0,16900
1251,2,10.8,1,15000
1456,3,8.0,0,21600
516,1,3.8,1,12100
1551,4,2.4,1,29600
1629,4,14.4,0,17600
397,1,10.0,0,5900
978,2,12.2,1,15300
1536,2,10.6,0,13000
987,2,12.5,1,15900
1552,3,2.9,0,25100
1700,4,7.7,0,26500
985,3,10.2,0,16500
342,1,2.0,1,14300
777,2,2.7,0,16900
583,1,9.7,0,5800
984,2,13.1,1,8700
1157,3,10.1,0,10700
969,2,1.0,0,20100
553,1,14.6,0,5000
716,2,2.5,1,14300
1303,2,3.9,0,19200
291,1,14.6,0,5000
581,1,11.7,1,5000
1633,3,14.1,0,21400
403,1,12.2,1,5000
892,2,10.0,1,12600
570,2,4.6,0,17300
412,1,5.2,1,5200
905,2,14.2,1,11800
1058,2,13.0,0,8000
523,1,5.7,0,6900
370,1,5.9,0,5700
458,2,4.8,0,11200
1259,3,5.2,0,19800
1583,4,13.0,1,22500
529,2,0.7,1,14700
746,2,6.8,1,11000
782,2,14.2,0,8000
809,1,8.4,1,12000
628,2,7.0,0,10700
335,1,5.0,0,5300
1063,2,1.6,1,20700
803,1,3.8,0,14900
780,2,1.8,1,20200
660,1,2.3,0,14800
1690,4,2.9,0,30200
1196,2,4.9,1,23800
898,2,0.7,0,16200
568,1,14.3,0,5000
1491,3,2.3,0,28300
1626,3,6.1,1,28900
300,1,13.3,1,5000
1690,5,2.0,0,29300
1334,4,7.5,0,21200
404,1,12.7,0,5000
1417,3,8.6,1,26800
416,1,3.5,0,9400
328,1,11.2,1,5000
428,1,10.4,1,5000
962,2,5.8,0,12500
1210,2,1.2,1,21800
881,3,0.6,1,21200
439,2,12.5,1,8800
558,1,5.2,1,8100
1571,2,2.5,1,32300
1742,4,8.0,0,23900
1419,3,13.9,1,15300
410,1,0.6,1,16200
1520,4,1.3,0,31600
1322,3,6.5,1,22400
1065,2,10.3,1,16000
472,1,7.4,1,9000
1794,4,13.5,1,25900
936,2,1.1,0,14200
318,1,5.4,1,5000
575,1,5.6,1,8400
871,2,5.4,0,18200
346,1,7.6,0,8500
752,1,12.0,0,5000
976,3,5.1,0,14700
1720,2,11.3,1,22900
383,1,2.6,0,8900
1144,2,8.6,0,16200
1669,4,5.9,0,20600
1499,4,8.3,0,31100
1683,4,2.1,1,35100
514,1,14.3,0,5000
1492,4,13.6,0,17600
1766,4,12.5,1,28400
755,1,13.4,1,8400
1022,3,2.6,0,19700
1072,2,7.8,0,15500
1015,2,5.1,1,17800
699,2,13.4,1,9500
1754,4,3.2,1,34100
1732,4,3.7,1,32600
840,2,10.5,1,13000
1498,3,1.8,1,31700
866,2,11.1,0,5600
1481,3,4.4,0,21700
1156,2,10.1,1,16400
978,2,13.2,1,10200
448,2,9.3,0,5000
1264,3,3.6,1,27400
747,2,1.2,0,14800
586,1,1.1,1,9200
549,1,1.8,0,9300
1771,4,8.9,1,28700
410,1,5.5,0,6200
1487,3,4.0,0,25400
1592,4,3.7,1,31200
298,1,14.3,0,5000
1163,2,2.2,0,16400
1144,2,4.9,0,16200
805,2,7.3,1,12500
1283,2,0.5,0,21300
883,2,13.9,0,9600
931,2,1.9,1,20400
918,1,10.4,1,13300
1491,3,9.6,0,19200
1231,4,12.2,1,23500
837,2,9.9,1,14300
1686,4,11.7,0,23300
1493,3,6.6,0,23800
1695,4,7.6,1,26800
1382,2,10.7,1,13300
856,2,8.7,0,9700
1448,3,7.9,0,22700
760,2,3.5,1,16400
669,1,4.2,1,12200
949,2,5.7,1,14800
1752,4,0.6,0,26700
1130,1,6.6,1,20000
844,2,0.5,0,16300
965,2,8.7,0,11400
701,2,10.7,1,8700
1271,2,8.7,1,21800
793,2,10.6,1,13800
1109,3,0.5,1,22000
823,2,1.4,0,18800
747,2,10.6,1,10700
1753,4,12.1,1,24500
785,1,10.9,0,6100
359,1,10.1,1,5000
836,1,10.8,0,5000
1074,2,11.2,0,14000
396,1,11.0,1,5000
723,2,11.2,0,9400
507,1,1.6,1,13200
1026,2,1.4,1,22200
1370,2,5.7,1,16800
1751,3,8.2,1,24600
853,3,11.6,1,15000
1588,4,5.4,0,23100
582,1,4.5,1,12300
1459,3,11.8,1,17300
1122,3,4.1,0,19600
1425,3,12.4,1,23900
1421,3,3.1,1,28300
1075,3,5.7,0,13300
649,1,6.3,0,10500
1065,2,4.8,0,21000
1531,3,0.5,1,36500
1754,4,3.9,0,30500
1687,4,5.4,0,24100
531,1,5.0,1,11500
1175,3,11.9,1,21300
412,1,1.2,1,11100
1286,3,6.1,1,25300
1788,3,1.0,1,30200
331,1,14.0,1,5000
1267,3,12.0,0,9600
1715,4,14.7,0,18900
1563,2,13.7,1,18700
858,2,5.1,1,15300
411,1,10.5,1,5000
1682,4,4.9,0,26500
1678,3,13.4,0,20600
1147,3,6.5,0,18000
1767,5,6.0,0,30200
257,1,13.8,1,5000
1205,3,12.6,1,16300
309,1,14.5,1,5000
1700,4,1.5,1,30400
1304,3,4.0,0,26700
1665,4,4.9,1,32800
1122,2,6.7,1,17400
379,1,7.4,1,6100
291,1,4.7,0,5700
770,2,12.0,0,9300
1402,3,3.7,1,28500
484,1,10.6,0,5000
1570,4,12.9,1,24400
621,1,9.3,1,5000
1019,2,5.6,1,17400
564,1,3.2,1,15700
971,3,2.4,1,17900
950,2,11.3,1,9000
258,1,7.3,1,6000
1130,2,1.2,0,23200
1469,3,14.8,1,19600
1701,4,10.2,1,22000
762,2,12.7,0,5000
1614,4,6.9,0,25800
1612,5,14.4,0,19300
1781,3,3.4,0,28300
828,1,3.2,1,15700
1568,3,13.4,1,19700
1125,3,13.4,0,17700
340,1,7.7,0,5200
669,1,2.3,1,16900
1291,3,4.9,1,25900
498,1,11.4,0,5000
923,2,12.8,1,11100
1451,3,5.5,1,24300
482,1,1.4,0,11500
1019,3,10.2,0,12500
583,1,11.2,1,11000
1081,2,6.6,1,16000
623,1,9.0,1,9200
1746,4,14.8,1,23500
368,2,4.1,1,9900
1743,4,8.8,0,31200
1477,4,9.4,0,21000
1576,3,8.5,1,23700
1569,3,13.1,0,17000
540,2,9.3,0,7100
1693,4,7.9,0,25500
1171,2,2.3,1,19100
1741,4,10.7,1,25800
1611,4,2.4,1,32700
1148,2,0.9,0,22700
830,3,7.6,0,13700
431,1,8.8,0,5000
406,2,15.0,0,5000
854,2,10.8,0,8400
1506,3,12.8,0,15800
1033,2,5.5,1,14200
996,2,7.9,0,11700
628,1,14.6,1,7100
1124,2,6.6,1,17300
1239,2,12.2,0,12500
1772,4,8.1,0,25700
1380,3,3.7,0,26100
1191,3,8.9,1,17200
1660,3,3.7,1,29500
908,2,0.5,1,19900
1699,4,3.9,0,28800
823,1,3.3,1,15700
448,1,5.9,1,8900
897,3,13.4,1,14900
449,1,6.1,0,6000
433,1,12.8,0,5600
1615,4,8.6,0,24500
1481,3,0.6,1,24600
592,1,3.2,0,11500
1548,3,14.0,1,21300
356,2,9.3,0,5000
690,1,14.0,1,5300
1344,3,5.0,1,18800
720,2,10.9,0,5000
1382,3,11.7,0,21500
1605,3,14.6,0,16600
352,1,0.8,0,11100
287,1,14.3,1,5000
1707,3,6.2,1,25000
1056,1,12.7,1,13000
1035,2,8.4,1,15800
968,1,8.7,0,11900
922,3,5.7,0,16000
1319,3,12.5,1,18100
1148,2,4.3,0,16100
503,1,7.6,0,5000
1221,2,8.6,0,19100
1285,2,11.3,1,20900
426,1,7.3,1,5000
833,3,10.4,0,9000
1475,4,7.5,1,25100
1209,3,10.1,0,17300
461,1,10.3,1,5400
312,1,10.8,0,5000
1150,4,12.4,1,18500
965,2,8.3,0,12500
1739,5,3.3,1,40100
1059,3,10.4,0,13100
1693,3,1.6,0,32300
582,1,3.7,0,13000
943,2,12.0,0,11200
466,1,6.8,0,5000
1140,3,7.7,0,17400
542,3,14.8,1,6400
1013,2,3.9,1,19000
783,2,0.8,1,15700
537,2,2.1,0,13900
400,1,4.0,1,12000
1043,2,11.0,1,17200
1718,3,11.7,0,20500
558,1,8.7,0,5000
877,2,4.2,0,15500
598,1,8.1,1,13400
1503,4,0.7,1,31200
893,3,10.4,0,13600
1760,4,9.4,1,27500
630,1,0.8,1,13200
375,1,12.3,1,5000
1152,2,11.6,1,14900
1260,3,5.0,1,24100
1785,4,9.7,0,26900
1600,3,9.2,1,25100
1620,3,2.6,0,28000
1233,2,3.3,1,19900
807,1,10.4,0,5100
914,2,14.0,0,8100
457,1,8.9,1,6700
918,2,8.7,1,13100
814,2,9.9,1,12900
305,1,6.9,1,8600
566,1,1.3,1,16400
1078,3,6.2,1,23600
822,2,13.6,1,6600
1789,4,12.2,0,21000
991,2,13.9,1,10900
1735,3,2.7,0,28100
1274,2,7.8,1,18700
312,1,9.0,0,5000
565,2,3.5,0,10600
1343,3,3.4,0,23900
1094,3,11.8,0,10500
717,1,10.2,1,14800
1059,3,9.9,1,17300
1649,4,4.4,1,32800
852,2,7.8,0,10300
319,1,0.8,0,9700
731,2,2.4,0,14300
1700,4,8.0,1,30400
1430,3,5.0,1,24700
1548,3,14.5,0,21300
1662,4,7.3,0,22100
432,1,1.7,1,13900
688,1,0.8,1,15500
342,2,11.0,0,5000
257,1,3.0,0,10900
1543,3,3.2,1,32400
1702,3,6.6,1,22100
491,1,4.3,1,10800
1369,3,9.4,1,23100
1079,2,7.5,1,18300
357,1,2.1,0,11600
1669,3,11.9,1,26500
1600,4,6.7,0,26200
1129,3,9.4,0,21700
1347,4,0.6,0,29100
865,2,9.6,1,12300
1478,5,4.6,0,26100
939,3,7.7,0,18000
1783,4,4.8,1,29600
347,1,14.9,0,5000
516,1,3.8,1,10400
1751,5,13.7,1,27800
697,2,13.8,1,7700
731,2,6.6,1,10400
1476,4,4.9,1,30700
543,1,6.0,1,8800
1045,3,14.8,1,18700
693,1,9.5,0,7400
556,1,8.4,0,9000
1744,4,1.0,1,35300
559,2,12.8,0,8000
396,1,1.7,0,10000
1294,3,1.2,0,24300
1594,4,4.5,1,32200
447,1,7.4,1,13900
1347,3,13.5,1,17500
1088,2,12.0,1,16100
1536,2,3.4,1,25500
446,1,5.9,1,10000
1762,4,11.8,1,26500
1209,3,8.1,1,14900
1555,4,3.0,1,29600
811,1,6.2,0,12900
1712,4,9.6,0,22900
1220,2,14.6,0,13700
446,1,10.1,1,6200
1680,4,0.7,1,32700
1483,3,10.7,1,24100
715,1,4.1,1,14900
1095,3,13.0,0,14100
851,1,6.1,0,13500
1092,3,3.4,0,20200
1746,3,7.3,1,23200
1643,4,4.2,0,26800
584,1,3.9,0,5000
1756,4,8.8,1,30100
928,2,11.6,0,12300
1342,3,12.6,1,21100
1434,4,6.3,1,27500
998,3,1.5,1,24800
957,2,7.5,0,9300
957,2,6.8,0,13500
1586,4,3.4,0,24100
848,3,13.5,0,8800
683,2,14.6,1,11500
810,3,1.3,1,23000
552,1,12.0,0,5000
856,2,9.9,0,9900
426,1,4.3,0,5000
389,1,9.7,0,5000
1371,3,2.4,1,29000
370,1,1.5,0,9400
1130,3,14.9,0,8200
1458,4,9.7,0,22000
1372,4,4.2,1,22200
941,3,7.0,0,17400
550,1,14.3,0,5000
1692,4,6.9,1,25900
1544,4,13.6,1,24600
1198,3,13.1,0,15600
384,1,5.5,1,8800
304,1,10.6,0,6700
738,2,10.1,0,10400
494,1,11.7,1,5000
1583,4,5.8,0,27200
569,2,1.3,1,14700
688,2,3.0,0,16300
1762,5,9.4,1,30800
1518,2,11.7,0,18000
588,1,11.5,1,5000
844,2,9.0,1,13500
1049,2,1.7,1,20800
1279,3,0.8,0,21200
1701,3,11.8,1,23100
1600,4,8.5,0,25300
1764,5,11.8,1,28400
313,2,2.9,1,7700
616,1,6.4,0,7200
1122,3,13.8,0,11600
326,1,3.0,1,9800
800,2,1.4,1,18300
488,1,10.0,0,5000
1696,4,9.1,0,23900
348,2,14.3,0,5000
480,2,13.6,1,8100
552,1,11.4,0,5000
480,1,0.8,1,16300
1131,3,7.5,0,20200
814,2,13.5,1,13600
1664,4,6.8,0,29600
654,2,14.5,0,8600
1082,3,10.0,1,14600
1273,3,2.1,1,26900
1220,2,7.9,0,19200
1484,3,10.6,0,22900
562,1,1.4,0,8800
1036,2,5.5,1,19700
1490,4,10.9,0,21400
1587,4,2.8,1,35200
1207,3,5.6,0,16100
1260,3,10.5,1,17300
1589,4,11.7,1,19900
1218,3,8.0,0,18400
1720,3,14.4,0,25200
447,1,13.9,1,5000
789,2,7.4,0,11500
423,1,2.8,0,9500
390,1,11.7,0,5000
981,2,4.0,0,16900
600,1,12.7,0,5000
881,2,9.0,0,9200
928,2,6.2,0,13600
1212,4,8.6,0,21400
1715,4,8.2,0,28200
1566,4,13.9,0,23300
836,3,3.6,1,19900
754,1,14.0,0,5100
1444,4,1.0,1,32000
441,1,11.7,1,5000
1087,3,13.8,1,13300
905,2,6.2,1,15700
533,1,1.6,0,7100
1205,3,12.2,1,18400
747,1,12.7,0,7700
537,1,5.4,0,5900
1262,3,8.0,1,22100
520,1,12.2,0,5000
1292,3,3.3,0,19700
501,1,9.6,1,11900
923,3,6.7,1,15400
1502,4,3.0,1,26200
604,1,12.6,1,6500
1439,3,5.2,1,25800
1368,3,14.0,0,17300
1649,4,8.7,0,29700
511,2,8.0,0,5600
1358,2,6.6,0,17200
1701,4,6.3,1,33500
1432,3,12.4,1,22400
541,1,10.3,1,8800
1524,4,11.7,1,22100
416,1,6.6,1,10700
1162,2,4.3,0,19900
1021,2,1.8,0,18500
1073,3,11.8,0,12200
1055,3,6.5,1,19900
298,1,7.9,1,9700
1037,3,7.3,0,13600
1701,3,6.8,0,22700
926,3,10.4,0,11300
679,1,9.3,0,5600
1791,4,14.6,1,24700
403,1,2.5,1,13000
1003,2,8.8,1,16500
1044,2,1.4,0,18700
990,3,12.2,0,13000
1678,3,9.4,1,26600
903,2,6.7,0,8900
1758,3,12.1,0,24300
353,1,7.1,0,5000
1387,3,3.8,0,21900
1169,3,7.4,0,18700
622,1,1.5,0,11200
603,2,13.5,0,6000
1365,4,11.1,1,22500
1238,2,11.5,1,15600
1197,3,13.2,1,20400
328,1,12.0,0,5000
1176,2,6.8,1,19600
1771,3,2.2,1,32900
276,1,5.9,0,5000
976,2,14.0,0,14300
1016,2,14.3,1,9000
1639,4,11.6,0,22800
688,2,3.5,0,12100
987,2,3.3,0,15700
1361,3,13.3,0,14900
343,1,2.6,0,5400
1491,4,9.0,0,25600
1524,5,6.0,1,26600
1365,2,4.9,0,22400
1254,3,10.3,1,21000
1408,3,14.4,0,14900
1461,4,11.8,1,24100
1650,3,7.5,1,25700
913,2,6.9,0,10400
956,2,13.7,0,6200
1238,3,8.9,1,21800
549,1,7.7,0,7700
1577,4,10.4,1,25700
1444,3,3.9,0,22600
1228,2,1.4,0,20300
717,2,12.9,0,5800
788,2,9.3,1,8100
924,3,2.9,0,18200
1276,2,4.8,1,22800
1455,2,14.9,0,14200
1291,3,9.7,1,24600
1691,4,9.7,1,24500
1738,4,1.5,1,31700
1342,3,14.6,0,15200
824,1,13.4,1,8600
1178,3,8.4,1,15000
908,2,5.0,0,15900
1225,2,10.6,0,14900
1508,4,12.6,1,17500
822,1,11.9,0,6200
1033,3,14.7,1,11600
320,1,9.7,0,5000
1391,4,5.2,0,20700
1009,3,7.7,1,19300
962,2,12.3,1,16800
1075,2,4.3,0,17600
584,1,3.9,1,6400
1176,2,11.0,0,14100
1405,3,6.9,0,20500
791,2,12.3,1,7600
453,2,2.6,1,14000
849,2,5.4,0,15600
557,2,4.4,1,11400
829,2,10.6,0,5400
1221,2,11.5,1,11100
425,1,7.1,1,6000
1408,3,7.4,1,22800
598,1,2.4,0,9200
1636,3,10.7,0,19400
1385,3,14.9,0,16600
672,2,11.8,1,10500
1123,3,3.7,1,22900
421,1,9.5,1,7900
404,1,4.8,0,5000
1731,4,0.9,1,30900
1493,3,3.1,1,25900
489,2,2.0,0,10000
688,2,3.3,0,7800
556,2,12.0,0,5000
862,3,4.7,0,18800
701,1,11.5,1,9900
758,1,14.3,1,7900
1070,2,8.8,0,14000
543,1,7.5,1,12400
1618,2,11.4,0,15800
1377,3,1.9,1,24300
1428,3,6.7,1,26800
512,2,7.7,1,10300
1347,3,12.6,1,17200
1546,3,12.3,1,22800
521,1,12.8,1,5000
1414,4,10.6,0,18500
804,1,8.2,1,9200
1470,3,12.5,1,21200
991,1,13.2,1,10700
1493,3,7.5,0,25500
478,1,14.8,0,5000
853,2,13.2,1,9700
673,1,7.9,1,13600
634,1,1.5,1,16500
727,1,3.8,1,13900
842,2,11.8,1,7400
447,1,2.1,1,9400
1345,3,7.3,1,19900
1102,2,9.3,0,13800
1535,3,13.2,1,19400
1342,3,12.8,0,20200
481,1,11.6,1,5000
358,1,6.4,1,5000
905,2,2.6,1,19200
995,3,10.2,1,17600
622,2,3.1,0,5800
1462,3,8.6,1,18700
1151,3,14.7,1,14400
1409,3,8.5,1,25800
418,1,9.9,0,7800
1513,4,10.3,1,23400
569,1,12.5,0,5000
944,1,6.8,0,9500
931,2,7.7,1,16900
1521,3,3.1,1,31400
679,1,9.4,1,12200
623,1,4.8,1,11500
776,1,7.9,1,9200
809,2,11.6,0,8600
531,1,0.8,0,14300
523,1,8.7,0,5000
608,2,3.0,1,10200
974,2,4.6,1,17100
782,1,1.0,1,15500
857,1,3.0,1,11100
1364,3,14.8,1,18100
623,1,15.0,0,5000
1660,4,10.9,0,27900
1415,3,9.4,0,16100
520,1,11.8,0,5000
736,1,13.5,0,6800
534,1,8.0,1,9600
672,2,1.0,1,14300
816,3,10.8,0,8600
452,1,14.8,1,5000
272,1,4.2,1,8000
930,2,7.2,0,11700
1336,3,5.7,0,24300
719,2,6.2,1,12800
1583,4,11.0,1,20100
822,2,6.0,0,12100
1646,4,14.1,0,22100
615,1,12.0,0,5000
1085,3,0.9,0,22200
1432,3,12.4,0,21200
341,1,11.7,1,5000
1691,3,8.0,1,25100
815,3,7.7,1,19800
1021,4,12.6,1,12000
1224,3,6.7,0,18900
1246,2,2.8,0,23100
286,1,5.0,0,8000
1594,4,4.3,1,31300
1216,3,10.4,0,18000
1798,3,3.1,1,28300
980,2,9.8,0,15300
1200,3,7.3,1,17800
933,3,12.7,1,11000
1629,3,7.5,1,26800
1540,3,14.0,0,16400
1658,4,13.6,1,24400
1031,3,3.2,1,22700
1476,3,10.4,0,23900
806,2,3.6,0,15200
964,2,12.4,0,8300
1428,3,9.7,0,21000
375,1,4.8,1,6600
1351,3,4.1,0,24600
274,1,6.7,1,6300
1150,3,12.1,1,17800
989,2,12.0,1,8500
976,2,1.0,1,14900
1016,2,4.9,1,14500
1012,2,6.6,1,21400
881,2,9.0,1,10900
949,2,2.7,0,18300
1130,2,5.4,1,17700
1433,3,13.3,0,16300
1105,3,7.4,1,19500
1245,3,11.3,0,20100
1546,4,7.5,0,25800
1783,4,7.2,1,30800
418,1,9.5,1,9100
1355,3,4.3,0,20700
599,1,4.1,1,14500
555,1,14.8,0,5000
1479,3,13.1,0,19800
356,2,11.2,1,5500
1564,4,2.5,0,26900
1444,4,0.9,0,25500
1791,4,3.0,1,30900
1285,3,14.1,1,14800
1603,3,12.3,1,23000
433,1,8.1,1,6500
1629,4,14.5,0,21500
498,1,2.6,1,12900
737,2,8.6,0,7200
448,1,3.2,1,7900
872,2,4.9,0,13500
1410,3,14.1,0,14100
665,2,13.1,0,5000
1524,4,2.0,1,34600
1189,2,4.1,1,17100
1224,3,9.1,0,22400
1705,4,1.4,1,33700
919,2,8.5,1,17000
784,2,9.0,1,14800
1791,5,4.7,1,35200
1113,3,4.8,0,23200
1202,3,3.8,0,18100
709,1,14.1,0,5000
583,1,6.1,1,8100
513,2,9.0,0,5000
596,2,4.9,0,9100
552,1,10.7,1,11300
1407,3,2.0,0,24100
339,2,1.5,1,17500
1225,2,11.3,0,19000
1721,5,11.0,0,33400
1436,2,4.3,1,28500
874,2,5.6,1,22000
342,1,14.4,1,5000
1542,2,2.0,0,24700
254,1,3.2,1,9000
1306,3,6.7,0,20000
1289,3,4.6,1,24100
547,2,9.9,1,11000
1396,3,10.5,0,17200
521,1,8.1,0,5000
599,2,9.4,1,11000
1508,4,6.8,1,25100
1767,4,11.5,1,25200
660,1,1.1,0,11800
1678,3,5.0,0,24700
1665,3,10.4,1,27000
1442,2,5.3,1,22700
467,1,1.6,0,12400
714,2,5.5,0,12200
1300,2,10.8,0,14800
1798,4,2.3,0,31400
1512,4,11.0,0,18200
901,2,11.7,1,13000
614,1,9.7,1,10200
1738,3,4.0,1,32000
678,1,12.2,1,5000
780,2,3.6,0,10000
1745,4,13.6,1,23600
1120,3,10.7,1,20900
660,2,1.3,0,14600
258,1,12.1,0,5000
916,2,7.8,0,8900
1778,4,7.1,0,25700
920,2,6.6,0,11500
1334,3,9.3,1,23300
642,1,11.0,1,10000
1452,3,13.5,1,16800
1452,3,4.5,0,25200
1192,2,9.6,1,18700
1446,3,10.5,0,16100
1147,3,10.3,0,15300
836,2,7.6,1,15100
1393,3,6.2,1,24300
1544,3,11.6,1,17600
1553,3,4.9,0,24500
580,1,3.5,0,11100
1298,3,8.4,0,22600
256,1,4.4,0,5000
1136,2,1.0,0,18600
1135,3,1.2,0,21300
813,2,10.6,0,10100
1790,4,14.6,1,25000
1618,3,7.1,0,25000
309,1,2.6,0,5000
573,2,12.4,1,8700
572,2,4.3,1,11500
1641,4,14.9,1,22400
1054,2,8.7,0,17800
1379,4,3.9,0,21300
1505,3,7.7,1,23500
1439,3,5.4,1,21800
388,2,11.8,1,6300
467,1,2.0,1,14300
862,3,12.9,0,10700
774,2,11.6,1,10400
1407,3,13.0,0,20100
492,1,13.5,1,5000
825,1,3.8,0,14300
616,1,8.1,1,11000
542,2,12.8,1,5000
517,1,6.0,1,9300
553,1,1.4,1,10500
1124,2,4.7,0,15100
885,2,4.0,1,21000
924,3,13.1,0,10000
993,2,7.2,0,18600
1398,3,10.4,1,17500
1585,3,14.5,0,15200
1065,3,4.8,0,20300
1245,1,11.5,1,13500
1394,3,0.8,1,28400
1320,4,2.0,1,27700
458,1,2.8,1,10700
1773,4,5.0,1,30500
505,1,6.3,0,7100
888,2,7.4,1,16600
1261,3,4.1,0,25300
875,2,1.5,1,18400
626,1,10.3,0,5000
1681,4,0.8,1,31800
360,1,12.2,1,7000
631,3,14.0,1,11000
1789,4,10.8,1,22700
1381,3,9.1,1,16800
384,1,10.0,1,5000
1419,3,10.0,1,22100
1752,4,14.0,0,22100
401,1,14.5,1,5000
891,1,6.7,0,10600
975,2,9.4,0,15600
453,2,12.1,1,8400
560,1,0.5,1,14100
519,1,8.1,1,10900
537,1,10.0,1,5000
875,2,10.9,1,12200
968,2,5.8,0,14900
618,1,4.8,1,13100
698,2,3.1,1,11400
547,2,8.6,1,9400
1483,4,13.8,0,20100
578,2,13.5,1,8200
1656,4,5.7,0,29800
1085,3,4.2,0,21000
1494,4,11.9,0,20400
1236,2,11.0,1,18300
662,1,7.8,1,9500
1182,2,6.1,0,17300
674,1,2.3,1,16000
433,1,11.9,1,5000
644,2,9.5,1,11500
677,2,6.0,1,15800
459,2,13.8,0,5000
286,1,10.1,0,5000
1712,4,14.0,1,30100
1045,2,7.4,0,16100
873,2,7.1,0,11400
1691,4,14.1,0,22700
598,1,14.4,0,5000
874,3,14.4,0,10900
1562,4,12.4,0,24800
1229,2,7.2,0,12500
868,3,3.5,1,23300
646,1,6.1,0,13100
304,1,14.1,0,5000
381,1,5.8,0,7000
501,2,11.5,1,6900
1469,3,13.9,0,16900
1240,3,14.6,1,17900
921,3,14.2,0,11700
1463,4,8.5,0,24400
499,1,7.6,0,7200
576,2,14.8,1,8300
858,3,3.7,0,18700
1671,4,3.2,0,26300
1202,3,14.5,0,15400
1569,4,10.5,0,27100
634,2,8.3,1,11200
1564,3,2.4,0,29800
362,1,7.9,0,5000
602,1,14.2,1,5000
1060,2,9.2,0,11700
328,1,6.4,1,10400
1580,3,8.5,1,28600
1594,4,13.3,1,23100
1089,3,13.7,0,15400
723,1,6.3,1,15900
403,1,9.3,1,5700
1209,3,4.5,0,20700
1083,3,7.0,0,18900
1427,3,3.7,1,23900
1183,2,8.2,1,18200
448,2,8.9,0,11500
438,1,5.4,1,7700
1460,3,4.4,0,25600
496,2,2.7,0,12400
1704,4,2.5,1,31800
414,1,10.8,1,5500
1378,3,3.7,0,27300
1761,4,2.2,1,34500
933,1,15.0,0,7500
337,1,4.3,1,12500
1608,4,13.5,0,20100
540,1,9.3,1,5000
1067,2,10.9,0,16600
1776,3,8.6,0,24600
1404,3,3.1,1,28400
321,1,12.8,0,5000
1521,3,12.5,0,19500
499,2,5.6,1,8800
1411,3,11.6,1,20500
1212,3,8.4,0,16000
696,2,13.7,0,5000
906,2,12.1,0,8600
432,1,1.1,1,6200
1779,4,13.2,0,20200
619,1,14.5,1,6700
728,2,11.3,1,11200
1029,2,2.2,1,17600
1292,3,12.2,1,19800
1033,2,9.9,1,12800
1032,2,5.4,0,17400
1153,2,13.3,1,13700
1579,3,8.7,1,23500
862,2,12.9,1,10600
1539,4,10.2,1,31200
1469,5,4.7,1,27900
1739,4,14.6,0,22200
1665,3,8.8,0,24800
1487,3,8.0,1,21300
632,2,6.4,0,6100
1450,3,2.5,1,25600
1391,3,10.5,1,22700
698,1,6.7,0,7800
1300,2,14.1,0,12200
642,2,14.5,0,6800
1060,2,11.6,0,9600
1484,3,4.0,1,26300
542,1,10.9,1,5000
772,1,0.8,1,17000
1482,3,12.5,0,18600
953,2,7.7,0,15000
1738,4,14.1,0,19100
262,1,6.0,0,5000
1368,3,4.3,1,21700
1512,4,14.9,1,20600
1672,4,8.2,0,29000
492,1,13.0,1,5000
1775,4,13.7,0,19300
858,2,8.0,1,12500
795,2,7.1,0,7500
801,2,8.5,0,7400
1239,2,12.8,0,14600
1271,2,14.5,0,8500
984,2,5.3,0,15900
360,1,11.2,1,5000
1779,4,4.6,1,30300
594,2,9.4,1,10600
395,2,12.2,0,5000
1175,3,13.4,1,18300
889,3,7.0,0,13000
1204,2,5.9,0,16400
1607,4,4.2,1,28600
400,1,2.4,1,12300
690,1,5.8,0,10600
1050,2,13.1,1,6400
1471,4,6.6,0,24700
1180,3,5.1,0,15200
843,3,11.2,0,10400
1195,3,3.6,0,20500
1768,5,4.2,0,30400
994,2,14.1,1,12800
1619,4,1.7,0,31000
1458,3,6.5,1,22500
717,2,8.9,0,7300
636,1,3.8,0,9900
1443,3,4.6,1,21700
571,2,3.7,1,12600
772,2,5.5,1,18300
614,2,13.5,0,5000
1189,2,6.8,1,18200
705,2,6.6,0,9400
1270,3,6.1,0,25000
1699,4,14.5,0,19900
1535,4,2.2,1,29200
1719,4,13.1,1,22400
287,2,5.2,1,9300
955,3,14.4,1,13600
591,1,5.1,0,6300
1672,4,1.7,0,32300
1353,4,8.0,1,24800
746,3,3.8,1,19900
1123,3,11.4,1,16200
1188,3,10.0,1,19400
1018,2,10.5,0,11300
985,2,3.3,1,22700
335,2,10.8,1,6300
951,2,5.0,0,14900
789,2,15.0,0,5000
1518,3,11.1,0,18200
1590,3,9.1,0,22300
1413,3,13.1,1,21300
297,1,9.0,0,5000
1553,4,8.5,1,26500
864,2,3.9,0,15100
895,2,10.3,0,11400
1714,3,5.9,1,23700
1594,4,1.1,0,27000
328,1,12.3,1,5000
807,3,1.3,0,17900
1412,3,10.2,0,16600
1085,3,2.8,1,21300
649,1,6.8,1,7500
1063,3,13.0,0,11600
1593,4,1.9,1,28500
596,1,10.2,0,6900
1406,3,9.4,1,23000
1388,3,13.1,1,19400
1622,3,3.0,1,28100
711,1,12.1,1,5000
584,2,7.0,1,10500
1098,4,6.7,1,20100
1073,2,5.7,1,19000
884,1,6.1,1,15400
1457,3,8.0,0,21700
1488,3,2.0,1,31100
630,2,6.7,1,10900
1483,4,10.0,1,22800
607,1,7.7,0,9500
881,2,2.9,0,16000
292,1,5.8,0,5000
777,2,6.9,1,18600
1735,4,10.2,0,26100
935,1,13.6,1,8700
1350,2,8.5,0,15500
417,1,10.3,0,6100
1235,3,1.6,1,25700
825,2,14.3,0,7000
1403,3,5.1,1,26500
1688,3,5.6,0,27500
1074,2,3.7,0,18700
409,1,1.7,1,13400
988,1,12.0,1,12100
440,2,4.0,1,13400
946,1,4.6,0,11300
344,1,3.1,1,14000
1242,2,14.6,1,11100
731,2,11.8,1,10800
562,3,14.0,0,5000
276,1,13.0,1,5000
1626,4,13.6,0,19600
1547,3,7.4,0,22700
1508,4,3.0,1,30400
340,1,5.2,1,5500
791,2,4.7,1,15600
1755,3,10.9,0,25900
1146,3,0.9,0,18800
449,1,2.6,1,8900
468,2,10.4,0,7500
657,1,2.3,1,14000
1757,3,1.2,0,29600
512,2,2.1,1,16700
1649,4,10.5,1,24000
1300,4,2.5,1,26100
1678,4,2.6,0,27700
1530,3,3.8,1,26300
764,2,11.4,0,11500
1533,3,3.4,1,23300
512,2,1.0,1,12000
701,2,13.6,1,5000
578,1,13.2,1,8700
456,1,3.2,1,9200
389,1,4.3,0,5800
540,2,3.2,1,9700
436,1,10.9,1,5000
839,2,4.1,1,18900
360,1,14.0,0,5000
344,1,12.5,1,5000
1784,3,9.0,0,20200
385,1,0.6,0,8400
364,2,13.3,1,5000
296,1,11.1,0,5000
455,1,11.9,0,5000
1068,1,1.5,1,21500
1532,4,10.8,0,20500
1389,3,12.2,1,21400
1149,2,14.4,1,12900
381,1,8.9,0,6200
1450,3,7.9,1,28500
307,1,6.7,0,5000
1227,3,10.7,1,20700
884,2,13.9,0,11100
1617,3,9.2,1,22000
726,1,3.8,1,12100
1239,2,0.8,0,19800
931,2,9.5,1,13700
1059,3,13.0,1,14200
1705,4,1.5,1,32400
1354,2,6.3,0,20900
892,2,14.1,0,5000
943,2,7.8,1,12900
1342,3,3.7,0,24200
786,2,5.6,0,13900
510,1,6.4,0,5000
974,2,2.2,0,18500
355,1,10.1,0,5500
513,1,9.1,0,5000
902,2,9.9,1,10900
1484,4,9.4,1,26900
1461,2,0.7,1,30800
654,2,3.0,0,10500
903,2,2.9,1,18400
487,1,1.9,1,14700
1420,3,11.2,1,21000
631,1,2.2,1,9200
1489,4,10.2,0,22800
1555,3,3.1,1,25500
1318,3,2.2,1,22600
761,2,2.9,0,9800
1727,4,7.9,0,29200
1313,2,9.9,0,13700
1251,3,12.3,0,16200
1577,4,2.4,1,32200
1616,3,9.4,1,24700
370,1,11.7,1,5000
1616,4,5.0,1,30300
1435,3,1.7,0,25400
570,2,2.8,0,10000
726,1,1.8,1,12800
1416,3,13.4,1,18800
585,2,6.0,0,9500
951,3,8.1,1,18300
1317,3,11.6,0,19400
1258,3,5.9,1,23300
1660,3,9.9,0,20000
422,1,1.6,0,5000
707,2,7.5,0,8300
1776,4,1.9,1,30100
1131,3,4.1,0,17900
635,2,4.8,0,11900
699,2,10.9,1,10500
775,1,10.3,1,14200
1109,2,11.3,0,13600
691,2,1.4,1,21600
1213,3,14.9,1,17400
940,3,1.3,0,22100
1196,2,12.5,1,14200
490,2,11.2,0,5000
1216,3,9.1,1,18600
1683,3,6.9,0,24300
459,1,11.5,0,5000
757,1,11.2,1,6200
1324,4,2.5,1,28700
1206,3,12.0,1,15100
1295,3,1.6,0,19600
1117,2,7.8,1,14600
1308,2,9.9,1,17700
1194,3,12.4,1,14700
364,1,7.2,0,5000
1414,3,3.9,1,27200
942,2,7.6,1,16900
329,1,4.1,0,5000
884,2,8.2,0,8600
924,3,7.2,1,16100
384,1,11.8,1,5500
1793,4,4.0,0,31900
594,2,3.4,0,12600
762,1,7.4,1,14500
933,2,1.2,0,21700
1540,3,3.8,0,23600
1401,2,5.6,1,26100
1444,4,7.6,1,24900
617,2,4.4,0,13900
1560,4,8.6,1,28000
1536,2,13.2,1,13700
968,3,8.4,1,14800
1095,2,4.7,1,16300
307,2,1.4,0,5200
1428,2,2.5,1,27100
1739,3,8.6,0,29000
982,1,10.4,1,11400
1087,3,1.2,1,25800
1023,2,3.2,1,23200
378,1,5.1,0,6500
1210,2,5.1,1,20400
1368,3,14.4,0,14700
1688,4,3.5,0,30100
1691,5,1.4,1,37000
1012,2,5.6,1,18900
1736,4,2.4,0,31200
1069,2,2.3,1,20600
1245,3,6.4,1,18000
1183,2,4.9,0,20000
1797,4,1.8,1,30600
1393,4,9.3,0,22800
436,1,7.8,0,6700
361,1,1.6,0,5400
885,2,13.0,1,9500
1049,2,4.6,1,24200
1286,3,14.4,0,14200
996,2,14.0,0,6100
1047,2,6.8,1,19300
1678,5,3.8,1,31000
769,2,12.6,1,5100
1014,2,5.7,1,19000
1113,2,2.9,1,18500
975,3,8.5,1,18100
1750,5,7.6,0,26600
1741,4,12.8,0,24700
1045,2,11.1,0,12200
948,2,13.2,1,5200
1162,3,11.2,1,18600
530,1,9.8,1,6300
910,2,7.8,0,16000
586,2,14.8,0,5000
473,1,14.4,1,5000
397,1,12.8,0,5000
1159,2,11.7,1,13200
250,1,8.9,0,5000
1251,4,4.3,1,24600
919,3,13.2,1,16600
818,2,0.7,0,15900
1442,3,3.8,0,20600
1085,2,6.4,1,16000
1386,2,9.0,0,19700
1349,3,8.6,1,21200
299,1,3.0,0,5900
584,2,2.0,0,15300
1133,2,3.7,0,15700
1762,4,5.6,0,22600
489,1,0.7,0,8200
413,1,10.5,0,5000
1708,3,4.1,1,28500
1748,4,5.6,1,26700
509,1,5.4,0,9900
872,1,7.9,0,10300
1221,2,13.0,1,16000
552,1,2.7,1,13300
755,2,5.4,0,9000
862,3,10.5,1,15300
1244,3,1.1,0,25400
727,3,12.5,1,14300
889,2,14.4,1,11900
698,2,9.3,1,12600
1427,3,14.4,1,14200
487,1,6.5,0,6300
607,1,6.5,1,7800
637,1,2.0,1,16900
1653,4,1.0,0,33000
1713,3,4.0,0,24400
1025,2,7.4,1,16500
492,1,7.9,0,6000
1421,3,3.7,1,28200
1012,3,9.4,0,10400
1567,5,3.1,0,24100
807,1,5.2,0,11100
1798,4,3.3,1,26400
1500,3,10.6,1,22500
597,2,8.0,0,10000
1374,3,11.2,1,23200
694,1,1.3,0,10900
792,2,6.7,1,14700
638,1,14.5,1,6600
1307,4,1.3,0,22800
657,2,6.6,1,15100
1240,3,1.1,0,23800
1152,1,2.6,1,18000
1413,3,7.2,0,21300
1789,5,2.8,1,34700
263,1,8.0,1,7000
1784,3,13.9,0,19800
419,1,3.4,0,8200
1066,2,2.1,1,19300
778,3,12.5,0,7200
1240,3,7.2,1,21800
1368,3,13.3,0,13900
1582,4,4.9,0,28600
873,1,9.6,1,12700
1696,3,13.9,0,17700
749,2,3.0,0,14400
565,2,12.1,1,5900
837,1,9.7,0,5000
1069,2,12.3,0,9700
1285,3,3.0,1,24700
1540,3,6.8,1,26500
598,1,2.4,0,10900
719,2,14.4,0,7800
1704,5,1.4,1,32500
931,2,1.4,1,18800
624,1,13.5,0,7100
1777,4,4.9,1,26600
945,1,9.2,1,11300
1776,4,4.7,1,28800
1674,3,9.9,1,24200
1654,4,3.3,1,30000
1151,3,7.2,0,19300
1487,4,8.2,0,23700
1738,3,5.3,1,25400
667,2,4.1,1,13200
308,1,2.5,1,9400
747,1,10.7,1,10800
1237,3,2.9,0,27900
1098,2,4.7,1,21100
374,1,5.4,0,5000
1119,2,7.1,1,17700
520,2,10.7,0,6200
1033,2,6.7,1,15900
1142,3,13.1,1,17200
1236,2,10.4,1,11400
889,2,12.7,1,12700
882,3,10.9,1,13300
1301,3,2.7,0,22400
1411,3,14.7,1,21800
1501,4,11.9,0,17500
767,2,8.8,1,13200
907,2,2.9,0,17800
762,1,3.0,0,12500
1067,3,9.4,1,13700
447,1,6.5,0,9200
916,3,10.3,0,12300
542,1,5.9,1,8600
1075,2,7.9,1,16100
1568,4,3.2,0,26600
1777,4,2.8,0,27400
941,2,1.6,0,17600
337,1,12.4,1,5000
603,2,8.6,0,9900
412,1,14.2,1,5000
1426,3,11.4,1,24700
1776,4,11.6,0,23700
1108,3,7.9,1,17300
524,1,12.3,1,5000
282,2,14.2,1,8400
1762,4,11.0,1,28600
740,2,2.0,1,15200
423,1,9.9,1,9900
524,1,2.2,1,15600
645,1,1.6,0,8200
1266,3,10.5,0,15000
1632,4,12.6,1,23900
676,1,2.8,0,8500
1315,3,1.6,0,23400
350,1,13.4,0,5000
265,1,2.4,0,5000
335,1,1.0,0,9100
1680,3,11.0,1,26900
1151,2,12.8,1,15400
1498,4,8.0,0,23200
283,1,8.3,0,5000
284,1,5.4,1,9200
1565,4,4.0,1,26500
409,1,11.5,0,5000
490,1,12.8,1,5000
1054,2,5.2,0,18800
1190,3,4.5,0,18700
604,1,4.4,1,10400
939,2,1.2,1,16800
1296,2,4.6,1,22900
936,2,0.9,1,19000
843,2,11.9,1,9100
361,1,4.2,1,7000
950,2,10.5,1,14900
1494,3,8.4,1,20800
1221,3,12.6,0,12300
1634,3,14.4,1,23300
445,1,5.8,1,8400
267,1,1.8,1,11800
1099,2,11.4,1,13800
526,1,0.8,1,13200
1170,3,3.7,0,20800
1651,3,1.3,0,31400
772,2,13.5,1,12600
1101,4,0.6,1,29200
1306,3,7.6,1,20300
482,1,6.6,1,6200
1640,4,10.0,1,28100
564,2,4.7,0,13900
1502,4,13.2,0,22700
1272,2,11.1,0,14500
468,1,6.8,0,7700
1373,4,5.7,0,25300
554,2,12.3,1,7900
1179,2,11.5,0,13600
1737,4,6.3,1,30200
1727,3,5.4,0,24000
1600,4,1.1,0,27700
1015,2,1.7,0,16200
1117,3,1.3,1,20000
715,1,0.9,1,15800
1677,3,2.7,1,29600
989,3,12.9,1,16200
1446,3,12.1,1,23500
807,2,12.8,1,13500
1397,3,9.5,1,25200
597,1,9.5,0,5000
1387,2,2.3,0,18500
321,1,10.6,1,6300
412,1,4.6,0,10200
795,1,8.0,0,12800
997,3,14.3,1,14700
1352,3,13.1,0,11100
806,2,3.9,1,17400
278,1,11.2,1,5000
754,2,2.0,1,20300
930,3,0.9,1,25600
1092,2,0.9,1,24200
1248,3,3.0,1,22900
633,2,10.6,0,5000
1196,2,5.8,1,21100
1228,3,0.7,0,21300
1453,4,14.8,1,24300
1059,2,8.2,0,9700
1506,4,6.2,1,28600
593,2,8.0,0,9300
1353,4,8.0,1,23600
321,1,7.3,0,5000
409,1,9.4,0,5000
1590,3,13.3,0,17400
986,3,4.9,0,16100
1212,2,7.6,1,21500
1185,3,0.6,1,23300
1327,3,13.0,0,17000
630,1,4.9,1,8400
526,1,4.4,1,11900
315,2,15.0,0,5000
1590,3,9.0,1,29500
596,1,2.3,0,10200
1141,3,4.4,0,12600
955,2,5.6,0,12700
501,2,14.8,0,5000
891,2,6.7,0,11400
378,1,3.8,0,6000
523,1,8.8,0,5000
466,1,6.4,0,5000
1527,2,1.3,1,24000
1129,3,13.0,1,18000
1684,3,0.7,0,31700
925,3,13.5,1,12500
562,1,12.0,0,5000
1193,3,1.6,1,21900
1690,3,11.0,0,21800
1075,3,11.7,1,16800
277,1,9.2,1,5000
720,1,8.9,0,8400
1683,4,1.2,0,31100
1053,3,1.4,0,18000
1725,4,11.0,0,27000
1039,3,2.0,0,19500
268,1,4.0,1,12100
1603,4,7.7,0,25900
1432,3,2.9,1,31600
1358,4,12.0,0,21800
1753,4,12.2,0,24100
554,2,12.7,0,5000
1654,4,1.2,1,30800
610,2,6.7,0,11000
1754,4,12.8,0,23400
546,2,5.8,0,8000
1103,2,10.6,1,17400
1473,4,9.0,0,22500
371,2,5.5,0,9700
353,1,4.5,1,6100
1567,3,10.0,1,25800
343,1,2.4,0,8700
1201,2,13.0,1,17800
1704,5,8.9,1,32200
1202,2,2.1,1,22200
995,2,10.7,0,11000
896,3,6.8,1,21900
1239,3,3.5,0,20700
1136,4,14.4,0,16400
1027,2,10.9,0,10700
488,1,9.1,1,5000
1277,3,12.8,1,14800
1396,3,8.4,0,20900
1348,2,6.9,1,22600
366,1,3.2,0,8200
1339,3,2.7,1,28500
1381,3,6.8,1,24300
534,1,7.1,1,7000
1565,3,11.1,1,24000
1061,3,6.9,1,19800
982,2,9.1,1,13500
1370,3,12.6,1,20300
1040,3,14.9,1,13700
1094,3,5.2,0,17000
733,1,13.6,1,6300
1688,3,12.2,0,24200
1752,4,1.5,1,36900
452,1,5.3,1,9700
1386,2,3.7,1,23700
286,1,10.1,1,5000
821,2,8.6,1,17600
1753,5,7.7,1,33700
520,1,11.6,0,5000
834,2,5.3,0,7600
590,1,6.0,1,10500
1378,3,13.1,0,16000
969,3,14.6,1,14600
1169,3,11.8,1,16100
1710,3,3.6,1,28900
1057,2,2.1,1,22300
1387,2,3.5,0,19300
401,1,6.6,0,5000
583,2,3.9,0,11700
1717,4,13.6,1,27900
1582,3,10.2,0,22900
1267,2,6.5,1,22800
836,2,4.5,0,14000
559,2,6.0,0,13200
1570,4,7.4,1,22800
1467,3,10.9,0,24000
624,1,1.8,0,16600
1164,2,12.8,0,13100
1208,2,2.3,0,22000
990,3,4.3,1,20300
1686,4,14.9,1,22800
442,2,3.3,1,11000
649,1,2.0,0,11300
397,1,9.8,1,6800
1324,3,6.2,0,21600
1248,1,1.8,0,23700
1780,4,0.6,1,34700
1090,2,1.6,1,17700
483,2,8.1,1,13700
948,3,3.8,0,14700
387,1,11.8,1,5000
1289,3,12.9,0,16100
1295,3,2.6,1,26300
1579,3,5.4,1,23100
776,2,2.6,1,15100
730,2,4.7,0,8800
360,2,4.0,0,10100
893,2,11.9,1,14800
986,2,5.5,1,14400
1419,4,7.7,1,27600
1418,4,10.3,1,25600
467,1,12.4,0,5000
691,2,4.9,1,9400
1042,3,3.5,1,18900
769,2,14.7,0,5000
289,1,5.1,1,11300
1560,3,10.2,0,20300
1383,3,10.3,1,18400
1056,3,8.0,0,16400
742,2,3.8,1,12500
1556,3,2.6,1,29600
304,1,7.6,1,5000
941,3,7.9,1,15200
1491,4,11.7,1,24100
1727,4,10.8,0,28500
639,1,13.7,1,11100
1258,3,14.6,1,13800
544,1,11.1,1,5000
429,1,1.6,1,12800
797,2,6.4,1,17500
1621,4,9.3,1,21000
1318,3,9.1,0,18700
1008,3,3.1,0,17700
688,2,9.0,0,5000
469,2,5.6,1,7900
669,1,5.4,1,10300
486,1,12.6,1,5000
539,1,6.6,0,9400
1315,2,8.1,1,20500
455,1,8.7,0,6700
323,1,8.7,1,5400
1090,4,3.6,0,19800
694,2,9.2,1,10900
954,2,5.4,0,16400
466,1,10.0,0,6200
575,1,2.6,0,9700
933,2,14.9,1,7900
1319,2,11.7,0,15500
892,2,6.6,0,14300
1089,2,4.9,0,19700
1058,1,6.1,1,14200
666,1,11.0,0,5000
683,1,10.0,1,10600
909,2,10.7,1,11900
299,1,13.4,1,5000
1312,3,7.1,0,22900
1202,4,10.2,1,17400
724,2,6.9,1,18500
829,2,9.8,0,8600
759,2,7.4,1,15600
1259,3,11.8,0,15600
1427,3,0.6,1,28900
418,1,3.6,1,9300
890,2,4.8,1,19000
271,1,14.2,0,5000
950,2,7.9,0,11400
634,1,5.8,0,13100
770,2,6.4,1,14300
957,1,7.1,1,12300
751,2,13.1,1,5600
860,2,14.5,0,11800
1435,3,12.7,0,16000
1505,4,12.7,0,25300
259,1,3.4,1,9200
835,3,4.4,0,16300
1562,5,9.1,1,28300
1072,3,10.0,1,22900
568,1,3.4,0,5000
1169,3,11.3,0,15700
474,1,3.4,1,10100
283,1,4.3,1,7400
1230,2,4.9,0,18700
1048,3,12.8,1,14500
1422,3,11.1,0,18800
784,1,8.2,0,8600
1574,4,12.4,1,20400
902,2,12.3,0,10200
1393,2,6.2,0,21200
405,1,11.8,0,5000
400,1,3.5,1,14500
1463,3,7.8,1,26900
1542,4,2.2,1,32600
1710,4,6.7,0,28900
753,2,8.0,0,10500
284,1,1.7,0,10100
1768,4,7.2,0,31100
1182,3,9.9,0,18300
633,2,9.4,1,9100
1433,4,1.3,0,27200
1651,4,1.9,0,30900
691,2,5.6,1,16000
1442,4,12.7,0,19200
1470,2,13.1,0,14100
1027,2,5.0,1,22300
1230,3,10.9,1,15900
667,2,8.9,0,6400
1690,5,14.8,0,19600
1773,3,1.9,1,29100
1770,5,8.4,1,34000
1392,3,9.1,0,22500
315,1,5.0,1,7600
818,2,1.2,1,19700
939,2,1.3,0,17300
1737,3,7.1,1,24400
1097,3,10.5,1,22900
1081,3,10.7,1,20400
477,2,3.1,1,13900
1480,3,12.9,0,15600
771,2,6.0,1,14000
392,1,14.5,1,5000
1780,5,2.2,1,35600
544,1,12.6,0,5000
275,1,13.7,1,5000
370,1,12.4,0,5000
951,2,12.2,0,15200
409,1,5.7,0,6500
1556,3,10.8,1,23800
1044,2,8.9,1,14700
752,2,6.7,0,7400
254,1,14.9,1,5000
993,2,4.7,1,17300
484,1,6.5,0,8000
1765,4,13.6,1,27400
701,2,4.7,0,14000
986,1,2.7,1,19900
278,1,5.0,0,9300
452,1,11.5,1,5800
571,2,13.0,0,7500
330,1,2.2,0,8700
1375,4,9.5,1,18600
1715,3,8.7,1,25600
1777,4,10.2,0,23000
662,1,10.2,0,6400
1472,3,14.4,1,17100
1031,3,5.5,1,21500
321,1,4.8,0,7900
390,1,8.9,1,9000
1099,2,6.7,0,19500
906,2,7.4,0,8500
262,1,1.5,1,6600
1691,3,2.6,1,37300
1382,2,14.1,1,18700
1028,3,1.5,0,20800
1779,3,9.1,0,24100
1755,4,11.4,1,26400
1759,4,0.7,1,29300
651,2,3.7,1,12800
1615,4,6.0,0,25900
1032,2,7.8,1,14600
1375,3,5.5,1,22700
1582,4,9.9,1,32000
503,1,3.8,0,7700
944,2,0.9,0,18400
449,1,0.5,1,13100
683,2,5.5,0,12800
890,2,5.7,1,15000
1575,4,14.3,0,23000
1587,3,1.1,1,30900
854,2,8.2,0,8300
760,2,8.9,0,9600
1072,2,10.6,0,12000
1663,3,9.8,0,21600
1763,5,0.6,1,37500
601,2,9.7,1,11500
539,1,5.2,1,11600
1345,3,11.7,1,20300
717,2,3.2,0,13600
559,2,10.9,1,5000
298,1,9.6,1,6300
874,2,10.0,0,11700
857,2,3.1,1,15200
1122,3,10.2,1,18500
560,1,11.2,0,5500
1357,2,7.6,0,20900
1304,2,5.4,1,22600
966,2,2.9,1,19900
531,1,4.7,0,10400
1035,3,11.6,1,15000
1295,3,6.4,1,23600
827,2,10.7,1,10400
658,1,11.2,1,10300
1035,3,10.3,1,12700
800,1,10.3,0,9400
870,2,9.4,1,13400
790,1,8.0,0,11300
720,2,3.4,1,13800
1360,3,12.7,1,19200
963,2,14.5,1,11100
973,2,7.3,0,14700
1262,3,14.0,0,11700
810,2,15.0,1,10300
406,1,7.5,1,5000
1571,3,11.0,1,21000
336,1,9.8,0,5000
1136,2,3.9,0,20000
662,1,1.2,1,15600
581,1,7.1,1,10600
315,1,11.9,1,6600
1645,4,5.2,1,28800
915,2,11.9,0,11200
781,2,10.0,0,9500
1398,3,10.6,1,20600
310,1,4.6,1,11300
1125,3,7.3,0,22600
1016,2,3.1,0,15900
1107,2,4.1,0,19500
442,1,1.8,1,12300
1726,4,2.3,1,33400
619,1,3.6,0,10500
1301,2,8.9,1,18000
1408,3,6.9,0,12100
783,1,4.4,1,17700
452,1,13.0,1,5000
709,2,8.1,0,9200
1500,3,13.9,1,19200
1655,3,9.7,0,20100
1702,3,0.7,0,29500
600,2,13.7,0,5000
1190,3,12.9,1,15000
484,1,9.7,1,6900
1351,3,8.3,1,21800
894,3,7.1,1,19600
1356,2,7.5,0,14700
1311,4,11.7,1,19000
1788,5,7.9,1,33200
1007,1,3.1,0,13300
779,2,1.3,1,15700
1066,2,2.3,0,16700
502,1,4.1,1,10400
423,1,5.8,1,8300
1054,3,13.4,1,14200
1529,3,4.0,0,22000
1076,2,5.1,1,20800
1461,3,3.7,1,29800
525,1,8.4,1,5000
946,2,9.4,1,10400
1200,2,8.2,1,20700
788,3,14.3,1,14900
271,1,14.9,0,5000
363,1,12.6,0,5000
1687,4,12.2,0,26800
1187,3,5.8,0,17000
660,2,8.9,1,15100
651,2,5.6,1,12900
311,1,11.9,1,5000
1714,3,3.0,1,28200
417,1,3.6,0,10000
1427,3,1.1,0,27400
622,1,9.3,0,10300
770,2,10.5,1,15000
674,1,0.5,0,12700
1528,4,7.9,1,34100
300,2,6.0,1,12300
796,2,12.0,0,9500
682,2,1.1,1,14400
673,1,1.2,1,10900
549,2,9.5,1,5800
1664,3,9.1,0,20300
836,1,12.6,0,9700
898,2,9.1,1,15100
847,2,14.3,1,8100
1769,4,5.1,1,30800
775,2,6.3,0,11200
779,1,14.7,0,6100
758,3,2.1,0,14400
756,1,12.0,1,9000
389,2,0.7,0,11900
1186,2,7.6,1,16300
289,1,2.7,1,13000
600,1,9.2,0,5000
563,1,12.1,1,5000
701,2,1.0,0,16800
1422,4,2.9,0,26200
1179,3,5.5,1,22800
1785,4,4.2,0,26500
794,2,6.1,1,16800
1689,3,14.3,1,27200
319,1,2.0,1,6800
1031,2,6.6,0,15600
1488,3,7.1,1,22400
1074,3,4.6,0,25400
1696,3,4.5,1,31800
737,2,10.9,0,8900
301,1,9.5,1,5000
1449,4,12.3,0,17300
355,1,6.4,1,9100
1435,2,9.3,0,14300
1386,3,13.5,1,15400
1558,2,12.8,1,19300
992,3,13.8,0,11600
1638,4,4.4,0,28500
513,2,14.8,0,5000
923,1,12.3,0,9800
438,1,12.0,1,5000
1438,3,10.2,1,23200
1357,3,14.8,1,18000
1499,3,6.9,0,23700
1434,3,11.3,0,21300
728,2,10.6,1,9700
355,2,11.1,0,5000
1690,4,11.4,0,19100
1013,2,3.3,0,11800
396,1,5.6,1,7900
1686,3,6.2,1,27100
1791,5,11.3,0,23900
940,2,10.9,1,11000
1443,4,12.6,1,25800
306,1,11.9,1,5000
394,1,9.1,1,5000
678,1,2.5,1,12800
1267,3,9.7,1,20900
456,1,13.4,1,5000
302,1,9.8,1,5000
1286,3,13.5,1,16600
1443,3,15.0,0,18500
1395,3,5.7,0,24700
1488,4,11.0,0,19300
1494,3,8.3,0,22300
1183,3,7.1,1,20700
1055,2,4.0,0,14300
1578,3,4.1,1,26800
789,3,3.2,0,13100
401,2,9.7,0,7900
1415,4,2.6,0,30000
677,1,6.8,1,9800
1767,4,8.1,0,24900
891,3,6.9,1,20000
1570,3,12.9,0,21900
315,1,6.9,1,5000
1271,4,1.7,1,27200
944,2,14.9,1,10300
967,3,12.8,1,12200
661,1,10.1,1,9300
1755,4,11.5,0,22300
858,3,2.4,0,16300
1568,3,11.6,1,21900
908,2,3.5,1,14200
324,1,7.6,1,5000
1613,4,3.1,0,30500
536,1,11.4,0,5000
669,1,4.1,0,15500
1584,3,4.2,0,30000
1635,4,2.1,1,30400
1670,4,10.9,1,31800
910,2,4.8,1,19400
1423,3,8.0,0,18900
758,2,5.3,0,5900
1397,3,11.7,0,19300
1028,2,3.8,1,19300
330,1,14.1,1,5000
897,2,5.2,0,13600
974,1,2.0,0,12400
648,1,4.0,0,8900
830,2,1.6,1,20100
1029,2,7.3,1,15900
327,1,4.1,0,5200
485,1,13.3,1,5000
1438,3,8.0,1,23400
795,3,3.9,1,15500
1192,2,7.0,0,18700
1126,3,3.3,0,18400
1104,2,3.1,1,19800
890,3,4.9,1,24200
999,2,2.1,0,16800
1527,4,3.2,0,26000
1745,4,14.1,1,26000
647,2,10.2,1,5700
1287,3,13.9,0,17800
1753,4,4.2,0,31600
261,1,12.9,1,5000
1466,3,5.8,1,16600
1020,3,2.6,1,21300
1749,4,12.2,0,20300
1146,3,1.4,0,24600
1549,3,6.4,0,25700
507,1,12.4,0,5000
470,1,9.4,0,5000
1686,4,8.0,1,31900
1066,2,5.6,1,17700
1115,2,1.6,0,23800
513,1,14.9,1,5000
601,1,3.0,0,11400
1518,3,4.2,1,25600
720,2,3.9,0,16400
1155,2,13.7,0,12800
740,3,11.6,1,15900
658,2,7.1,0,10400
507,1,14.4,0,5000
1690,4,1.3,1,34400
1707,3,13.5,1,26100
428,1,1.4,0,11700
797,2,6.2,0,12600
1123,2,1.3,1,17400
844,2,15.0,0,8700
1367,3,13.8,0,12100
653,2,9.0,0,8600
341,1,3.7,1,8700
772,2,4.5,1,12100
1176,3,7.0,1,21600
529,1,5.2,0,13100
1514,3,0.8,0,25800
268,1,10.0,0,5000
354,1,9.4,0,8600
1038,3,13.6,0,14100
1043,2,7.4,1,15200
707,2,5.5,1,14700
650,1,7.9,0,8500
358,1,3.3,1,13100
1277,3,9.6,1,23100
837,2,11.7,1,5000
433,1,2.7,1,8700
869,1,5.1,0,11700
1702,4,13.1,0,19700
654,2,7.8,0,5000
1636,5,8.2,1,27600
651,1,11.0,1,7600
538,1,8.9,0,5000
653,1,1.5,0,9300
751,2,12.2,1,10100
436,1,13.9,0,5000
1160,3,1.3,0,20800
766,3,2.3,1,22500
1362,3,10.7,1,20500
1011,2,9.3,0,10400
936,1,6.0,0,9200
980,3,8.3,0,14400
492,1,10.7,0,6200
1354,3,7.8,0,17700
411,1,2.5,0,9700
1368,3,1.8,1,26900
1799,4,6.9,0,32700
1434,2,13.9,0,15500
955,3,8.6,1,15200
737,2,5.7,1,16200
1602,4,13.7,0,22600
648,1,6.1,0,7500
997,2,7.9,0,10500
1444,3,2.2,1,28600
1679,4,11.2,0,23500
1677,3,10.7,1,20300
386,1,12.0,0,5000
1642,4,5.2,1,28000
426,1,6.8,0,5000
1155,2,2.9,0,17900
1690,4,14.5,0,24300
1264,3,1.7,1,28500
1718,4,9.9,1,29600
783,2,10.7,0,9600
737,2,2.8,1,17900
755,2,5.8,1,14700
800,1,1.1,1,13600
1308,3,8.6,1,18900
951,3,14.9,0,8500
1393,3,6.7,0,24500
895,2,14.9,1,12500
726,1,2.3,1,11900
544,2,6.2,1,11800
1104,2,13.6,1,12200
1642,3,13.2,1,21600
1581,4,5.2,0,25000
642,1,10.3,0,9000
990,2,13.3,1,12000
1343,2,11.6,0,15500
1199,2,9.6,1,17700
354,1,2.7,0,5000
1166,2,1.6,1,22600
310,1,9.4,0,5000
430,1,7.8,0,8400
1263,3,4.0,1,21000
408,1,4.7,0,5000
775,2,6.2,0,12100
1162,3,7.7,1,22800
1265,4,6.2,0,22700
940,2,6.1,1,18200
395,1,2.2,0,5000
1488,4,13.1,1,20800
1722,5,9.3,0,21700
1627,3,2.6,1,28800
1410,3,6.6,0,15900
873,2,6.5,1,18800
1608,3,9.2,0,25700
1006,2,9.3,1,15400
461,1,9.9,1,5000
1568,4,10.6,0,23300
746,1,2.0,0,17200
1704,4,4.9,1,31700
820,2,0.8,1,21700
1597,4,7.1,1,26500
1082,2,6.7,1,15600
974,1,11.1,0,8700
710,1,2.9,1,9200
1545,3,9.7,1,28900
343,1,4.9,1,8500
976,1,6.0,0,14700
821,2,10.9,0,8100
1092,2,1.5,0,15200
644,2,5.5,1,16900
1280,4,6.2,0,19200
848,2,10.9,1,12900
541,1,3.4,1,12700
555,1,14.2,0,5000
1329,3,15.0,0,12500
655,1,12.4,0,5000
726,1,4.8,1,10500
1221,2,10.1,1,19100
761,1,1.7,0,14400
851,2,13.1,0,8000
628,1,8.0,0,5500
785,2,3.1,1,22000
1323,4,5.2,1,22500
1077,3,12.1,0,9600
1796,5,13.1,0,25200
1446,4,8.0,0,22100
276,1,7.5,1,8300
837,3,11.4,1,15200
699,2,12.5,0,6700
1160,3,11.6,1,18600
661,1,6.1,0,9900
1747,4,9.8,1,32900
714,1,12.9,0,5200
1059,3,2.7,1,20600
440,1,6.1,0,6500
1660,4,1.3,1,26000
1663,3,6.4,1,26900
1480,4,11.7,0,23300
795,2,3.4,1,18200
341,1,8.4,1,6500
1351,4,1.0,0,28100
915,2,13.5,0,11300
1785,5,12.4,1,31800
1332,2,8.1,0,18400
1084,4,10.7,0,15700
1779,4,2.0,1,27700
1490,3,12.8,1,22900
960,3,10.9,0,14200
279,1,2.2,0,7200
393,1,14.7,1,5000
937,3,0.8,0,22100
1121,2,9.6,0,13100
296,1,3.0,0,6400
446,1,10.9,0,5000
1341,4,1.5,1,29700
1414,2,1.7,0,19900
296,1,7.3,0,5000
1036,2,14.9,1,9700
375,1,4.5,1,7100
1371,2,9.4,1,21600
1542,3,8.0,1,21900
1597,4,12.7,0,23500
1177,2,4.7,0,18100
1224,3,8.5,0,13600
1686,3,14.3,1,25100
1199,2,5.3,0,18500
941,2,6.9,1,16900
1419,3,13.4,0,19200
1165,2,5.3,1,23500
1555,3,6.0,1,26500
1063,3,4.9,1,22400
1597,4,12.2,1,25100
319,1,14.0,0,5000
306,1,9.7,0,5000
403,1,9.5,0,5000
1112,3,6.2,0,21500
1348,2,0.7,1,26600
585,1,3.0,1,9800
491,1,2.6,1,14300
1583,3,2.2,0,25700
1413,3,10.0,0,13700
1255,3,2.5,0,24900
1006,1,1.7,0,13500
901,1,6.0,1,18600
281,1,4.1,0,8400
541,1,2.6,0,9100
1640,3,2.6,1,30500
775,1,4.2,0,17400
1342,3,8.3,1,24300
1340,3,11.5,0,17600
729,2,12.9,1,16400
566,1,11.4,1,6600
1322,4,9.6,0,21600
395,1,13.7,0,5000
1016,2,8.0,0,9400
1626,4,9.7,1,25500
1352,3,6.5,1,23300
1434,4,5.2,0,25400
379,1,5.3,1,5000
559,2,2.7,0,13500
676,2,12.1,1,7100
703,2,1.3,1,18500
550,2,10.3,0,8700
1756,4,13.0,0,22000
505,1,7.7,0,5000
1347,3,1.5,0,28000
1159,2,6.7,0,18400
1196,3,5.5,0,19900
582,1,14.8,0,5300
726,1,10.5,1,9100
1190,2,11.0,0,12000
713,1,8.0,0,5500
1325,3,10.8,1,19600
311,1,11.0,1,5500
362,1,1.5,1,14300
1379,2,3.7,0,21000
1205,3,0.7,1,28500
316,1,7.9,0,5000
1643,3,13.2,0,17500
257,2,9.3,0,5000
1731,4,7.8,0,25000
1380,3,13.9,0,12700
1781,4,3.0,1,37800
1720,4,1.6,1,34100
735,2,13.8,0,5900
1422,4,13.6,0,22800
576,2,10.4,1,5900
981,3,4.1,1,20100
622,2,14.6,1,11700
1003,3,11.6,0,12600
1602,4,10.3,0,29100
926,1,3.7,1,18000
393,2,7.9,1,12000
753,1,12.4,0,8700
1469,4,13.0,1,22000
1058,2,8.6,1,15000
1118,3,8.1,0,16500
918,2,10.6,0,8100
703,2,8.2,0,9500
1177,2,6.6,1,19000
1231,4,1.7,0,28800
1642,4,2.3,1,33100
1207,3,11.5,0,21300
1792,3,0.9,1,27000
1531,3,1.3,1,25900
372,1,13.6,0,5000
857,2,10.7,0,13500
846,2,0.6,1,19000
254,1,5.0,0,5000
530,1,11.6,0,5000
1431,4,6.6,0,20600
795,1,7.3,0,5900
479,1,7.2,0,10700
695,1,3.4,0,10100
675,1,11.0,0,5800
520,1,2.0,1,12100
406,2,7.9,0,5700
1434,4,3.0,0,24000
1528,3,1.2,0,25700
1019,3,2.6,1,22800
1203,3,13.1,1,20300
1674,4,3.1,1,33800
1556,3,4.5,0,21500
300,1,2.5,0,9300
1727,4,11.2,0,25100
353,1,7.0,0,5000
291,1,14.2,1,5000
875,1,10.1,1,12400
1406,4,8.2,0,22200
374,1,10.0,0,5000
704,2,1.1,1,15000
657,2,14.3,0,9900
865,1,14.4,1,5000
1778,4,4.5,0,30600
763,2,9.6,0,10400
573,1,3.4,1,13600
439,2,8.4,1,7100
557,1,11.7,0,6400
456,1,14.1,0,5000
1139,3,5.4,0,15900
901,2,10.6,0,7700
1021,2,10.9,0,11900
1539,4,3.7,1,25400
1149,3,9.6,0,20600
490,1,10.0,1,9000
833,2,11.6,1,15900
734,1,15.0,0,7600
1531,4,1.1,1,30200
725,2,3.4,0,11100
464,1,2.6,1,5000
1390,2,2.7,1,23300
914,2,7.1,1,19900
398,1,13.2,0,5000
1319,2,7.0,0,17400
576,1,10.2,1,5900
1595,3,6.0,1,27400
1540,4,5.1,0,29100
822,2,12.6,1,6700
1111,2,10.0,0,10000
1130,3,5.6,1,24900
1262,3,13.8,0,16300
357,1,7.7,1,5700
753,1,3.2,1,18600
513,1,7.5,0,5000
1331,3,10.3,1,22600
357,1,5.8,1,7600
1051,2,12.7,1,14700
1378,3,8.2,0,13800
1719,4,7.3,0,25900
696,1,13.0,1,8600
262,1,7.2,1,5400
1371,4,6.5,0,26000
252,1,2.0,1,12200
352,1,5.8,1,5300
1785,5,6.3,0,32100
1586,4,3.1,1,27900
1346,2,9.0,0,17000
1545,4,2.6,1,31900
366,1,3.7,0,5000
387,1,8.6,0,5600
716,1,4.4,0,9200
286,1,9.8,1,5000
1626,4,10.5,0,24900
337,1,4.9,1,6000
1093,3,1.8,1,21100
1573,4,7.6,1,29700
1389,3,1.8,1,27200
613,2,8.0,1,7600
979,3,11.0,1,17700
1099,3,9.5,1,17000
1440,4,7.0,1,22400
910,2,14.2,1,5000
691,2,2.0,0,16200
1483,3,13.3,0,15300
1624,4,12.1,1,21400
1007,2,6.6,0,16100
293,1,2.7,0,8600
1026,2,2.8,1,17900
1628,3,13.9,1,23600
1783,4,3.9,1,37300
871,2,13.2,0,11600
482,1,7.8,0,8300
1136,3,7.2,1,20900
1537,3,9.5,0,19700
1714,3,3.6,1,29400
330,2,6.7,0,7400
700,1,14.1,0,5000
990,2,4.0,1,16700
402,1,13.9,0,5000
1623,3,14.9,1,21100
423,2,1.3,0,11400
1281,4,8.2,1,21500
1673,4,3.0,1,33500
1312,3,9.5,0,15500
1432,3,14.8,1,16600
658,1,13.5,0,5400
1532,3,13.9,1,22500
898,2,3.6,1,15800
345,1,8.4,0,5000
818,2,3.9,0,12100
792,2,13.5,1,9100
1058,3,3.3,0,19700
660,1,2.7,0,12400
966,3,0.7,0,20900
913,2,3.1,1,19000
756,1,3.3,1,11600
1329,3,1.6,1,27300
723,1,13.1,0,5900
1436,4,11.8,1,24200
638,1,4.2,0,7900
1590,3,11.9,1,24500
815,2,6.6,0,8900
313,1,11.7,0,5000
482,1,5.2,1,9000
1499,3,8.7,1,20200
1601,4,6.0,0,25300
578,2,3.2,0,12200
1183,3,9.0,0,12300
1140,3,11.4,1,16200
457,1,11.4,0,5000
950,2,5.7,0,19500
1325,3,8.0,0,19800
1749,5,11.6,0,26200
1563,4,1.3,1,31900
401,1,1.5,0,10300
618,1,6.0,1,13200
926,2,3.7,1,14100
483,1,5.9,0,9900
1134,3,1.9,1,26900
263,1,9.1,1,5000
425,1,10.2,1,5200
323,1,12.0,0,5000
708,1,9.9,0,5000
1431,3,6.2,1,25600
524,1,14.1,0,5000
1780,4,11.0,0,26500
667,2,8.2,1,11600
319,1,3.5,0,11200
770,2,9.9,1,14300
1409,3,9.1,1,21100
415,1,10.4,0,8200
361,1,11.8,1,5000
1566,3,13.8,1,17000
1167,3,14.3,1,14400
782,1,9.6,0,5800
1421,4,14.5,1,19500
1558,3,13.7,1,22600
806,2,0.5,1,18700
1119,2,9.7,0,13600
266,1,3.1,1,8700
724,2,4.8,0,6500
1172,3,4.8,0,15900
555,2,7.5,1,9900
1786,4,0.7,0,29800
1755,5,3.9,0,30800
649,1,0.9,1,18200
864,2,9.9,0,10300
543,1,13.4,1,5000
1031,3,15.0,0,8900
442,1,7.0,1,12200
855,1,4.3,1,18600
1110,3,12.9,0,14800
1198,2,2.1,1,18500
1174,3,14.6,0,13600
593,2,10.9,1,9900
1478,3,7.8,0,21300
1322,2,1.9,1,22600
1417,3,0.8,1,27000
975,2,8.4,0,11200
1633,4,6.5,0,23200
854,2,12.7,1,14300
1498,3,9.8,1,24800
565,2,6.8,1,10800
633,1,3.8,0,10800
1066,3,7.5,1,20000
1111,2,2.9,0,24200
1406,3,10.2,1,23400
710,2,9.3,1,13600
1602,4,12.2,1,24300
761,1,7.0,0,8100
1077,3,4.5,0,22200
1694,4,12.6,1,26600
1086,2,10.5,0,10600
1306,3,10.7,0,18300
1658,5,8.2,0,29200
1760,4,13.2,1,20100
1024,3,3.8,0,16300
896,2,6.3,1,16700
555,1,12.0,0,5000
1083,3,2.4,1,18400
1673,3,12.2,0,19900
1005,2,5.6,0,16400
790,3,2.3,1,20700
416,1,1.6,0,12800
854,2,12.7,0,8600
616,2,11.8,1,7700
1763,3,4.7,1,26100
1067,2,2.2,1,19800
462,2,4.1,0,11400
354,1,3.6,1,11100
1568,3,11.1,0,20700
1693,4,3.6,1,32700
1432,3,3.6,1,29400
441,2,1.0,1,14300
402,1,9.2,1,9300
556,2,10.5,1,7000
1414,4,10.0,0,20800
1436,3,8.7,1,21400
1548,3,14.5,1,21900
400,1,7.4,1,5000
487,1,13.0,0,5000
1645,4,9.9,1,21700
1689,4,1.7,0,31600
1374,3,12.2,1,22600
414,1,9.0,1,8400
356,1,10.0,1,6800
336,1,3.1,1,11500
1322,3,6.8,0,21900
1561,3,13.3,0,20000
1229,3,3.6,0,22900
656,1,0.5,1,13400
1423,3,4.2,1,25100
341,1,7.6,1,6400
1533,2,12.4,1,18400
1632,3,9.8,1,20300
1363,3,13.8,0,12600
1612,3,7.1,1,26400
1158,3,6.2,1,23300
975,2,3.9,0,16000
749,2,3.7,1,22800
1678,3,11.2,1,21500
1330,3,1.7,1,27400
545,1,4.0,1,14500
1733,4,13.3,1,27700
341,1,8.9,0,5000
1160,2,1.2,0,22800
545,1,10.7,1,6700
1279,2,7.8,0,21000
889,3,12.9,1,16300
927,2,10.4,0,8700
1290,4,0.6,1,29400
1421,4,3.5,1,24200
839,2,4.2,1,20400
1796,4,10.7,0,25600
1022,2,7.9,1,19600
498,2,11.3,1,7300
259,1,7.9,0,5000
563,2,5.2,1,19200
1321,3,2.0,0,23800
1086,3,3.4,1,19700
773,2,6.3,0,14700
996,3,8.5,1,22600
1549,4,14.1,1,21700
1135,2,4.0,1,20100
340,1,10.2,1,5000
326,1,2.7,1,6700
997,2,10.8,1,12200
876,2,0.7,0,21500
1568,3,10.0,1,23000
1153,3,2.9,0,18700
1423,3,3.1,1,25300
1157,2,8.6,1,20000
785,2,5.9,1,9900
1268,3,7.3,0,19700
1213,3,5.0,0,26200
1366,3,14.3,1,23000
543,2,4.7,1,14200
1244,3,8.4,0,21300
692,1,12.9,0,7500
1474,3,10.1,1,21800
1487,3,5.2,1,28000
1218,2,8.5,0,20100
1717,4,1.7,0,27300
1083,2,8.4,1,18100
288,1,6.8,0,5000
1189,3,11.5,0,15500
1455,3,12.8,0,17500
406,1,3.4,1,10600
412,1,1.7,0,9500
673,2,6.2,0,13500
1558,3,8.2,0,23100
1067,2,6.0,1,17700
1763,4,9.6,1,25800
1603,4,7.8,0,23600
1109,3,14.1,1,15600
1302,3,6.4,1,20900
763,2,1.7,1,19800
390,1,4.9,1,9800
868,1,9.3,0,11800
1168,2,4.2,1,19000
532,1,4.4,1,8700
593,1,5.4,1,13700
273,1,11.3,1,5000
1387,2,14.1,1,15800
1644,3,5.6,1,29100
1532,3,3.3,1,29200
838,2,6.6,0,9300
1169,2,5.6,0,20600
1739,4,14.9,0,20400
1166,2,7.2,1,22700
708,2,10.3,0,5000
774,2,13.7,0,7500
1377,3,9.6,0,18300
941,2,4.1,1,13000
1547,3,9.3,1,25200
1589,3,6.3,0,18800
305,1,6.6,1,5800
1371,3,14.7,0,17900
823,1,4.5,0,10400
1055,3,7.3,1,16800
660,1,2.8,0,13000
820,2,3.1,0,14000
762,2,9.3,1,11100
328,1,11.4,0,5000
1463,3,9.7,1,19300
471,1,5.3,0,5800
832,2,1.4,1,20700
549,2,7.3,1,7900
498,1,7.8,1,12500
828,1,11.7,0,6200
1674,5,9.8,1,30900
1713,4,13.1,0,24600
841,1,11.9,1,8900
1032,2,5.8,1,16600
1777,3,9.7,1,25900
614,1,11.3,1,8700
1714,4,14.4,1,21500
413,1,6.6,0,5000
600,1,9.9,1,11500
774,2,6.2,1,12600
307,1,11.2,0,5000
1514,3,13.7,0,17100
1575,3,13.8,1,20300
844,1,2.8,1,19200
1546,3,3.5,1,27400
1447,3,11.4,0,17500
1492,3,9.6,0,19500
1494,3,13.6,0,16100
1138,3,5.1,0,17400
421,1,12.8,0,5000
1681,4,10.4,0,28100
1193,2,3.3,1,23300
1646,4,2.3,0,28300
1736,4,10.7,0,26800
540,1,2.8,0,5600
873,2,12.0,1,15000
548,1,8.6,1,11300
328,1,7.4,0,9300
1747,5,4.5,1,35800
1681,4,14.8,1,24400
1694,3,11.0,0,24900
1619,3,11.8,1,21100
1255,3,11.6,1,17500
1059,2,9.0,0,13200
1786,4,14.1,1,28500
1105,3,9.0,0,13800
1245,2,8.0,0,13900
578,1,4.5,0,9400
1407,3,4.6,0,24500
1520,3,11.2,1,20100
1301,3,5.4,1,25000
1022,3,11.1,0,16900
