age,fitness_score,altitude_m,acclimatisation_days,pack_weight_kg,completed
23,8,4078,4,5.3,1
33,4,5233,0,14.3,0
30,9,4506,2,3.5,1
25,5,3859,0,19.0,0
51,3,3258,1,19.0,0
16,3,3471,4,4.6,1
37,3,2731,1,12.4,1
22,6,2978,1,16.6,1
49,3,4077,4,10.9,1
57,4,2597,2,11.1,0
41,8,3961,0,19.5,1
40,9,2630,6,6.9,1
40,7,3002,6,11.9,1
26,6,4643,4,5.0,1
36,7,2589,3,8.1,1
67,5,3543,5,17.5,0
18,3,3090,6,15.2,1
59,8,2667,0,13.4,1
25,2,3145,0,4.9,1
22,10,2847,2,17.5,1
31,5,2749,2,8.1,1
30,9,4562,6,12.1,1
33,1,2887,3,7.0,1
62,5,5409,5,11.9,0
65,5,4008,4,12.6,1
54,4,3764,5,8.8,1
24,6,5214,6,11.6,1
68,7,4910,4,9.9,0
62,10,3803,5,14.9,1
20,9,5518,1,12.2,1
37,3,4145,1,17.9,0
58,10,4695,4,3.8,1
20,5,5505,6,3.5,1
20,5,4741,0,6.2,1
49,1,4331,3,5.0,1
34,7,4409,1,11.9,0
40,9,4527,6,6.4,1
57,3,5530,3,3.3,0
45,9,4673,0,7.8,0
55,1,3429,0,11.7,0
22,10,2568,4,15.1,1
16,3,4927,1,10.5,0
29,5,4013,0,19.4,0
27,1,3786,1,6.4,1
33,9,5398,1,11.7,0
58,6,2981,2,7.3,1
24,10,2616,5,16.7,1
22,4,4792,6,6.2,0
27,1,5364,3,19.3,0
33,7,5071,6,15.2,1
26,2,5200,5,12.5,0
26,7,5177,1,12.0,0
47,1,4625,5,9.2,1
22,2,5357,1,3.4,0
24,7,3557,6,18.6,1
62,7,4809,5,16.5,1
17,2,2785,0,5.3,1
19,2,4135,1,5.1,0
19,9,3401,3,8.2,1
45,1,5409,5,16.0,0
54,3,3852,3,11.6,1
54,10,3149,0,14.1,1
53,6,4264,4,3.1,1
19,1,2739,4,18.7,1
34,9,2893,6,5.8,1
50,4,3838,1,8.4,0
53,8,4455,0,19.1,0
34,7,4304,5,15.5,1
62,4,2671,4,11.7,1
61,4,4607,3,17.7,0
58,6,2678,4,4.0,1
59,4,5027,1,4.3,0
69,2,2621,0,5.6,1
59,8,2582,2,7.5,1
48,7,4104,6,15.1,1
37,7,4986,3,12.1,1
35,8,4871,4,10.2,1
61,6,4360,6,16.3,1
32,10,3053,2,8.4,1
50,9,5454,3,4.5,0
43,10,2563,4,9.7,1
36,2,3578,1,16.0,0
40,2,4837,2,11.1,0
20,5,4412,3,19.6,0
55,7,4950,2,17.6,0
19,3,4876,1,16.4,0
20,2,5412,3,16.1,0
29,1,4100,6,12.9,1
45,6,5044,2,18.3,0
32,10,2983,5,13.0,1
64,5,3039,4,9.3,1
67,8,2654,0,6.3,1
37,1,3133,6,16.8,1
70,3,2845,4,9.3,1
20,7,5055,3,16.4,0
23,5,4034,4,19.7,0
35,1,3877,0,9.8,0
67,3,4482,1,8.8,0
43,8,3614,5,5.9,1
54,7,4268,4,11.1,1
51,9,2510,2,14.1,1
43,4,4710,3,8.3,0
67,10,5201,4,11.3,1
68,10,2620,3,12.1,1
40,4,2749,3,7.7,1
55,3,2922,3,3.4,0
50,10,4385,1,6.7,1
48,4,4859,3,16.7,0
21,5,5051,4,7.7,1
27,10,4921,4,3.2,1
70,3,4289,4,10.2,0
29,9,4677,3,14.6,1
51,2,3367,4,15.8,0
66,3,4810,5,10.0,1
49,4,3067,2,12.7,1
27,5,5486,3,15.7,0
63,3,2629,4,18.1,1
17,9,5427,4,13.9,0
55,7,3927,3,14.7,1
30,7,4497,1,4.7,1
51,8,2995,6,10.1,1
42,7,3489,3,18.1,1
47,7,5172,3,5.7,1
37,7,2543,3,8.3,1
45,8,3094,5,14.5,1
67,10,4457,2,18.3,0
61,2,4993,6,4.0,1
39,6,3837,0,17.8,1
67,2,2771,0,6.7,0
64,2,2955,3,17.6,0
50,10,5260,6,18.1,0
48,5,3167,0,16.2,0
17,8,4293,4,18.7,0
44,8,5403,2,19.3,0
27,1,3664,0,18.7,0
24,5,2705,2,11.7,1
63,2,5020,4,10.9,0
30,4,4941,4,4.8,1
49,2,4518,5,6.7,1
63,7,5296,6,14.1,1
48,2,4904,0,5.2,0
58,5,4633,6,19.0,0
58,4,3533,0,6.9,0
40,10,2690,6,4.5,1
66,8,4750,5,7.0,0
65,4,5122,6,3.8,1
34,3,4654,0,5.8,1
61,8,4525,0,13.0,0
26,7,4726,6,7.9,1
22,6,3358,1,16.6,1
45,1,2862,2,9.9,0
49,1,4451,2,15.1,0
48,7,5423,1,15.0,0
59,5,2923,0,5.3,1
37,9,2720,0,4.0,1
60,1,4693,5,17.3,0
65,2,3810,0,14.9,0
21,8,5299,6,6.0,1
40,10,3962,1,14.6,1
28,8,4117,4,8.6,1
52,1,2691,1,4.0,0
38,1,5451,6,6.9,0
31,9,3525,0,15.8,1
29,5,3858,5,9.6,1
35,5,4450,6,12.3,1
21,10,5158,3,5.3,1
21,3,4964,3,4.6,0
50,3,4898,1,7.1,0
67,7,2827,6,11.0,1
43,10,2774,6,17.4,1
67,4,5076,3,16.0,0
24,2,5329,4,5.7,1
69,1,4433,5,4.2,0
48,1,5322,2,6.8,0
56,4,3484,0,17.5,0
19,6,3589,0,11.8,1
49,5,3027,6,16.7,1
37,3,4959,5,9.3,0
65,7,4575,0,13.0,0
59,9,3196,5,13.1,1
63,3,5597,6,13.7,0
64,7,2594,3,11.0,1
55,6,4887,3,7.1,0
29,7,3144,6,10.3,1
31,1,4930,6,19.6,0
63,7,4000,2,7.6,1
49,8,3225,3,15.3,0
65,7,2679,6,19.1,1
59,9,4425,6,12.6,1
49,8,2996,4,11.3,1
24,10,3894,4,5.1,1
70,7,5446,5,15.8,0
29,5,5251,2,18.5,0
29,9,4030,6,19.7,1
24,7,4768,2,6.4,1
19,6,5051,5,18.6,0
36,6,4380,5,9.3,1
62,4,3140,2,13.5,0
63,7,5015,5,6.8,0
43,5,2774,6,7.2,1
33,2,4119,3,13.5,0
35,5,4919,3,11.2,0
66,10,4268,3,19.4,1
19,4,3581,0,7.5,0
19,7,3790,3,17.9,1
19,5,3925,4,10.8,1
64,3,4806,3,5.3,0
20,4,5575,3,7.1,0
67,10,4913,3,15.8,0
26,2,3481,3,17.1,1
46,7,2844,6,3.7,1
69,9,3966,2,10.0,1
22,2,5159,1,11.4,0
31,8,4467,0,13.5,1
56,7,3497,6,14.1,1
60,4,2776,1,17.1,0
65,2,3281,2,7.6,1
17,10,4720,5,4.9,1
58,2,4576,1,6.2,0
33,10,3900,1,18.9,1
46,7,3535,4,12.3,1
65,9,3042,4,6.7,1
65,3,5514,1,16.4,0
26,1,3834,3,13.0,0
41,7,4878,4,9.2,1
31,4,3928,1,3.3,1
49,6,4264,3,16.3,0
61,5,4486,1,15.2,0
33,4,3603,6,7.5,0
22,8,5405,2,7.5,0
19,6,3917,5,7.6,1
18,7,4871,6,14.4,1
36,7,5340,1,8.0,0
69,7,3685,6,8.3,1
29,4,3225,0,9.4,1
38,8,5505,2,19.7,0
53,3,4936,1,10.8,0
52,10,4951,0,9.4,0
30,9,5432,3,11.0,1
22,6,2586,4,15.2,1
24,2,5428,4,18.0,0
28,10,2861,2,19.8,1
20,6,2950,5,11.3,1
41,9,3175,3,10.8,1
51,1,2851,3,8.6,1
53,4,2758,3,16.2,0
65,3,2887,1,14.1,0
32,9,4004,4,9.2,1
52,5,3654,5,11.8,0
64,2,3556,2,6.5,0
17,7,3032,3,14.8,1
58,2,5516,6,7.3,0
20,5,3530,1,8.9,1
46,10,3965,2,4.2,1
61,5,2940,1,6.7,1
41,5,3157,2,6.3,1
46,1,3226,3,15.5,0
50,5,5509,6,14.8,0
47,10,3046,0,12.1,1
56,10,4093,2,9.6,1
63,10,4187,6,18.1,1
23,4,2726,0,18.0,0
38,1,3587,3,13.2,0
62,3,2750,1,14.2,0
36,3,3042,3,16.5,1
42,1,4593,5,15.3,1
56,8,4262,4,6.8,0
67,6,4033,3,11.6,1
29,8,3161,5,5.6,1
68,2,4435,3,16.8,0
55,7,5304,4,14.1,0
17,1,5133,0,19.6,0
63,8,3036,0,5.3,1
37,9,4612,1,11.7,1
31,3,3256,3,15.3,0
44,4,5171,2,17.7,0
47,5,3966,2,17.5,0
45,6,4802,3,6.4,0
19,6,4171,6,19.7,0
61,2,4590,2,19.7,0
34,4,5398,3,19.5,0
23,6,2917,3,13.4,1
47,7,5301,5,17.1,0
50,7,3996,5,4.3,1
21,7,2940,6,7.3,1
67,5,3842,4,4.6,1
49,6,2673,6,11.6,1
70,4,4176,4,19.4,0
52,3,3964,3,14.0,0
16,4,3712,3,10.8,1
27,5,3877,3,16.5,0
69,2,4423,1,12.4,0
46,3,5062,2,10.8,0
22,2,3716,4,13.7,1
20,5,2552,4,11.7,1
45,5,4228,1,13.9,0
48,2,5428,5,16.6,0
29,2,3724,4,10.9,1
26,6,2880,3,10.1,1
49,3,5295,3,12.5,0
39,9,3799,3,18.4,0
18,2,3657,4,10.2,1
19,5,3415,2,17.4,0
29,9,4765,6,13.5,1
47,2,2951,1,3.2,0
32,5,4402,2,11.1,0
16,5,3581,2,6.6,1
66,6,3695,0,5.6,0
54,9,3168,0,7.0,1
48,6,5003,6,15.1,1
29,4,3905,5,13.7,0
54,4,5375,2,12.1,0
68,7,5066,1,11.4,0
53,3,4857,2,9.6,0
32,7,3895,4,18.1,1
37,4,5440,2,18.9,0
67,1,4313,0,16.0,0
16,6,3852,2,7.9,0
28,3,3577,4,18.5,0
21,4,5332,3,16.9,0
51,4,3288,1,5.1,0
41,2,5216,5,8.8,0
23,3,3208,4,8.6,1
67,10,4863,5,15.4,1
46,4,3374,6,11.9,1
29,8,5089,3,7.5,1
68,5,5090,4,6.9,1
54,1,4763,5,10.8,0
23,9,5575,5,14.3,1
61,10,4088,5,11.6,1
19,3,5100,4,7.4,0
65,2,4212,0,13.5,0
37,10,2620,2,20.0,1
32,1,3794,4,6.0,0
18,9,2600,3,12.0,1
67,2,4559,0,9.4,0
46,9,2972,1,6.7,1
49,10,3506,2,17.9,1
62,3,5201,0,19.3,0
43,3,4792,5,9.0,1
31,2,3541,2,8.9,0
58,8,4065,5,4.6,1
45,4,4301,6,13.5,1
29,7,3594,6,3.5,1
62,7,4824,6,11.4,0
60,6,2956,3,5.6,0
29,3,3822,1,14.4,0
51,4,3292,0,18.8,0
66,6,4605,4,4.5,1
59,1,4484,0,16.2,0
26,5,5001,1,17.1,0
63,8,3646,1,6.0,1
19,5,3215,1,18.7,1
49,4,2602,2,13.6,0
44,9,5167,2,12.1,1
18,6,3522,3,14.4,1
55,8,4839,6,7.9,1
32,1,3635,4,3.4,1
62,10,3529,4,10.5,1
64,8,3226,1,15.6,0
48,9,4922,0,18.6,0
50,7,3387,1,10.3,0
18,6,3418,5,7.5,1
64,6,4685,1,5.2,0
53,7,4105,6,18.9,0
37,5,4813,5,6.9,1
20,8,2821,5,18.5,1
43,4,5472,2,6.1,0
65,8,3233,1,3.3,1
63,4,2866,1,6.8,0
21,5,2839,6,11.4,1
57,1,3466,3,8.9,0
20,10,3812,2,18.4,1
36,7,2738,1,12.3,1
40,3,4429,2,5.0,0
17,1,4401,2,13.6,1
23,9,4909,5,9.6,1
64,1,2550,5,14.5,0
50,5,2798,3,16.4,0
59,1,3136,2,19.8,0
47,7,3858,3,12.8,1
40,3,4319,1,9.2,0
17,5,3125,0,10.4,0
46,6,3612,1,9.8,0
58,4,4091,0,10.7,0
27,7,4187,0,3.5,1
43,6,4131,1,7.2,1
38,5,4484,6,19.8,1
63,4,4842,1,18.8,0
24,5,5100,4,3.8,0
21,4,5492,1,19.7,0
27,6,3717,3,16.5,1
24,8,3517,4,3.0,1
62,6,3364,3,18.5,0
30,1,3585,5,19.3,0
35,9,4170,1,13.7,1
30,8,4372,5,16.4,0
60,9,2716,2,8.7,1
52,1,5596,3,12.7,0
42,9,2629,2,15.4,1
59,5,3743,6,12.5,1
19,9,3901,5,8.2,1
53,8,3570,3,14.0,1
35,9,3176,5,17.3,1
36,2,4144,6,17.2,1
24,6,2522,1,5.2,1
21,8,4804,2,10.6,0
54,6,4606,5,3.7,1
62,9,4889,1,13.8,0
66,8,5030,0,7.1,0
29,1,5251,4,18.8,0
57,2,2958,1,13.5,0
22,7,5088,4,9.8,1
58,4,4248,0,15.4,0
47,4,2882,3,6.5,1
63,10,5550,1,4.6,0
19,1,5016,3,4.5,0
58,6,3333,1,12.9,1
41,4,5260,1,18.1,0
47,1,4765,6,6.8,0
45,4,3885,6,15.9,1
55,5,3002,2,3.6,1
48,5,4766,4,9.0,0
38,2,5389,2,14.1,0
39,8,3097,1,17.0,1
19,4,2501,0,19.0,0
55,6,3211,6,13.8,1
54,6,3413,0,10.9,1
47,6,3675,3,4.0,1
55,6,5526,1,7.7,0
30,4,5486,5,18.7,0
28,5,4579,0,12.9,0
66,6,3173,4,8.8,1
68,1,3156,2,7.2,0
62,8,2753,3,4.9,1
18,5,4953,1,15.8,0
46,3,3184,0,10.0,1
56,1,5284,1,18.9,0
18,4,4361,4,10.7,1
69,5,4010,4,16.9,0
59,9,5380,6,5.2,1
33,7,2983,6,5.6,1
43,5,3937,5,7.6,1
66,2,3301,0,6.3,0
62,3,3061,4,19.6,1
61,10,5423,4,16.7,0
70,2,4376,4,8.9,0
56,7,2999,4,11.8,1
67,6,2832,4,12.1,1
68,3,3466,4,13.3,0
17,9,5084,4,4.8,1
51,4,2951,4,8.9,1
34,7,4799,0,4.5,0
43,1,2827,3,18.6,1
25,10,3544,0,9.9,1
53,1,4118,6,15.4,1
61,4,2899,6,18.7,1
38,10,3729,1,8.3,1
54,7,3330,6,4.5,1
33,7,2643,3,8.7,1
57,4,2503,4,14.4,1
20,8,2950,4,11.5,1
64,10,4820,0,4.3,1
36,7,2616,6,4.2,1
43,3,4067,4,14.9,0
60,10,2576,3,15.5,1
17,1,3168,4,4.9,1
67,9,3053,6,16.5,1
49,1,3553,4,8.9,1
69,1,4805,4,4.2,0
46,1,3805,6,8.7,1
27,2,2545,4,15.4,0
48,8,2948,1,14.1,1
47,4,3443,5,11.2,1
66,1,3363,6,7.8,0
47,4,4250,5,10.1,1
38,10,3587,1,9.5,1
25,6,4805,3,9.6,0
33,8,3282,0,11.3,1
47,3,4601,5,10.7,0
36,6,2812,6,4.7,1
35,8,5564,0,7.9,1
16,7,5558,0,5.2,0
67,1,3354,6,13.2,0
62,7,3225,5,10.2,1
30,8,2500,5,14.4,1
23,2,5525,1,4.5,0
61,4,2618,4,8.9,1
62,7,2506,5,6.1,1
65,1,2802,0,4.6,0
46,8,3414,1,16.1,1
56,9,5523,2,5.2,0
56,6,3016,3,6.0,1
27,5,4267,1,9.2,1
44,1,4516,2,8.0,0
30,8,4978,1,18.6,0
57,10,4668,0,19.8,0
69,9,5553,4,10.2,0
20,6,4551,4,6.4,1
20,1,5117,6,11.5,0
30,3,3491,4,11.4,0
22,3,3763,4,10.9,0
16,1,4785,2,3.3,0
69,2,5215,2,5.2,0
48,6,2515,2,5.4,1
58,1,3844,6,9.0,1
47,1,4987,3,12.9,0
57,10,2853,6,17.9,1
53,7,3593,2,6.8,1
24,9,4199,4,16.1,1
24,3,2756,1,6.8,1
42,4,5338,2,3.6,1
36,7,3640,6,14.0,1
62,7,4932,4,6.6,1
32,4,3825,3,18.6,0
34,10,3745,2,18.9,1
45,8,5494,5,4.8,1
26,3,5150,1,6.3,0
63,1,4099,5,6.6,0
16,1,3938,4,18.5,0
62,9,4920,2,4.3,1
50,9,4622,4,15.8,0
64,5,5535,6,7.9,1
32,8,3532,2,12.9,1
65,9,2849,2,6.0,1
63,2,3103,6,16.7,0
41,10,4135,2,14.4,1
31,5,3471,5,3.4,1
26,5,5008,6,7.0,0
24,2,5213,4,10.9,0
48,7,3079,0,12.0,0
68,7,5568,0,17.1,0
47,1,4456,1,9.6,0
69,7,3318,0,18.8,0
57,2,3123,5,6.3,1
53,3,3012,4,17.6,0
55,7,3960,3,18.4,0
67,8,2720,5,13.7,1
63,2,2906,0,19.4,0
24,5,4836,3,10.0,0
48,3,4015,2,14.9,0
41,8,4136,0,3.2,1
64,9,3506,3,7.7,1
27,7,4223,1,12.6,1
61,8,3563,0,17.9,0
42,5,2640,1,19.2,0
67,6,4261,1,12.9,0
59,3,2751,4,17.5,0
34,10,4635,5,16.6,1
62,3,5335,3,16.2,0
26,10,4569,4,4.9,1
16,8,4287,0,11.1,1
43,10,5489,5,11.3,1
37,7,3179,3,16.4,0
22,4,4899,2,13.0,1
70,3,3143,6,16.9,1
18,2,2501,2,19.3,1
48,10,3246,3,12.4,1
30,2,4057,6,16.5,1
32,9,2697,1,12.5,1
27,7,3364,3,13.6,1
37,2,2654,4,11.1,1
52,10,3254,4,19.3,1
33,2,4731,6,16.9,0
55,2,2971,2,15.8,0
40,6,3317,0,8.6,0
59,2,2920,2,11.3,0
40,2,3691,1,17.7,0
36,7,4859,5,18.9,0
43,10,4165,3,20.0,0
53,1,3120,5,15.5,0
41,7,3492,2,15.4,1
65,7,4577,6,4.6,1
44,1,3984,6,15.8,1
32,2,3925,6,8.9,0
17,5,5181,4,17.7,0
37,7,5039,1,3.2,1
18,3,3256,1,18.9,0
17,5,4683,6,11.2,0
36,5,4952,6,5.2,1
31,8,5289,6,13.2,1
64,3,3318,4,14.8,0
56,7,4756,5,16.3,0
59,9,3079,3,14.9,1
46,6,3878,1,12.4,0
22,8,2725,1,4.4,1
62,2,4371,5,17.7,0
43,10,4621,4,19.7,1
39,4,3885,6,16.2,1
49,2,3776,6,3.6,1
25,6,3250,5,15.8,1
42,4,4888,0,7.6,0
49,5,5322,1,19.4,0
54,9,2911,2,4.1,1
43,6,3355,0,4.6,1
70,4,4370,6,6.1,1
70,9,3633,1,15.8,1
21,4,2540,2,14.1,0
20,10,2564,4,15.4,1
44,10,3224,0,9.0,1
61,5,5499,4,18.0,0
44,8,4389,0,10.6,0
27,8,3291,6,5.3,1
46,9,2673,4,16.0,1
67,5,4844,2,12.0,0
25,5,3669,4,13.1,1
40,3,3720,2,9.5,1
51,6,4241,0,15.1,0
37,7,3208,0,3.6,1
18,5,4755,1,11.3,0
52,4,3472,4,10.3,1
56,5,4687,3,15.7,0
52,6,4103,1,7.5,1
52,2,2959,4,7.0,1
52,7,4432,2,8.4,1
34,9,2733,1,11.2,0
16,4,4716,4,6.6,1
70,4,3666,3,14.6,0
27,1,4578,4,8.6,0
61,6,3246,3,10.2,1
45,5,3762,0,12.5,1
45,9,3447,0,9.4,1
17,10,3277,0,14.9,1
70,8,3561,1,14.2,1
45,3,2666,1,15.9,1
61,2,3731,6,11.9,1
58,5,2881,5,9.2,0
23,7,4107,6,6.4,1
68,1,2780,3,10.4,0
48,5,2528,2,17.8,1
26,1,3861,2,5.1,1
47,3,3423,6,6.7,0
49,4,5218,2,14.3,0
51,1,3319,4,12.8,1
33,3,3737,1,18.6,0
67,7,3232,6,3.5,1
29,10,5257,4,17.9,1
43,8,4944,6,15.3,1
62,4,3033,2,16.2,0
20,10,3279,4,9.4,1
38,5,3077,1,8.2,1
42,4,2967,3,3.2,1
58,9,3246,2,16.4,0
59,4,5140,0,5.7,0
59,8,3922,3,6.8,1
35,2,3687,3,7.7,0
43,4,3091,1,17.8,0
17,10,3070,2,7.9,1
61,3,4221,0,10.2,0
32,9,4828,4,15.7,1
41,5,4229,2,18.2,1
53,10,4537,0,16.5,0
58,5,3310,3,12.1,0
20,5,5430,5,3.0,1
58,4,5050,6,5.7,1
36,3,5221,6,7.3,0
38,9,4569,1,10.0,0
23,6,4652,1,9.2,0
55,6,2719,6,11.7,1
42,4,2999,4,10.0,0
21,8,2910,3,15.3,1
23,4,3997,5,3.9,1
55,3,4322,0,19.9,0
21,1,2868,3,17.3,1
44,9,4829,4,8.7,1
54,1,4203,6,9.7,0
66,9,4345,3,19.4,1
24,4,5342,3,18.9,0
32,1,4312,5,9.7,0
24,10,2511,1,4.0,1
64,8,4883,0,19.8,0
48,8,5215,3,14.1,0
70,6,2758,4,14.8,1
18,8,4171,3,7.7,1
54,2,3956,4,16.9,1
17,3,2968,1,12.5,0
21,6,3355,0,11.0,1
39,8,5153,5,15.6,0
36,6,3714,5,9.3,1
36,5,4164,4,10.3,1
19,7,4909,2,14.1,0
45,1,3889,2,13.9,0
34,6,5262,3,19.5,0
70,4,4049,2,12.6,0
59,5,5555,1,8.5,0
39,2,2956,2,7.9,0
58,10,5253,2,12.1,1
47,9,2849,3,5.0,1
43,10,5020,2,13.0,0
66,9,4550,3,9.6,0
48,7,4234,5,9.0,1
42,3,5229,2,6.3,0
47,2,4486,0,11.4,0
58,7,4652,5,3.6,1
56,10,4838,1,13.3,1
46,4,5106,6,7.9,1
25,10,3219,3,18.4,1
51,2,5118,3,11.9,0
39,3,4325,2,16.3,0
67,7,2599,4,17.5,1
65,5,5347,4,17.9,0
16,8,4889,6,17.8,1
70,4,5263,0,6.8,0
65,8,4893,1,8.2,0
65,4,3571,1,15.0,0
43,2,3584,1,12.1,0
30,6,3357,6,13.4,1
49,6,3770,0,14.5,0
64,6,2607,0,4.9,1
40,1,4811,3,5.9,0
70,5,4832,1,13.8,1
30,1,5558,2,13.6,0
62,9,4206,4,16.9,1
19,1,5562,3,14.8,0
62,10,3150,6,6.5,1
67,1,3968,3,4.2,0
54,7,4925,6,9.6,1
50,4,4947,1,9.3,0
38,2,4898,1,16.0,0
64,4,3944,2,14.4,0
22,1,2726,0,17.8,0
31,7,5184,0,11.6,0
23,9,3682,2,7.9,1
31,4,4514,3,11.6,0
44,5,2913,1,6.7,0
34,2,5403,1,4.0,0
39,5,3295,0,11.5,1
28,10,5591,0,10.0,0
35,6,4717,6,3.5,1
43,9,3523,0,15.3,1
27,8,3645,4,14.0,1
67,2,5535,5,4.3,0
65,1,4340,1,15.1,0
64,4,4646,1,4.4,0
16,10,4399,2,11.8,1
43,2,3238,4,13.6,1
59,1,2910,0,11.5,0
35,10,2509,5,15.7,1
28,2,3755,2,9.6,1
49,4,4619,3,6.6,1
16,8,3434,6,11.3,1
49,1,3189,0,8.8,0
40,2,3704,6,5.6,1
53,8,3217,4,11.0,1
53,1,3848,2,6.4,1
45,8,4211,0,11.0,1
48,6,3344,0,13.1,0
17,3,2595,5,16.3,1
69,7,2815,2,17.5,0
20,4,3790,5,14.4,1
69,10,3049,5,18.2,1
69,5,4978,2,12.5,0
55,8,3011,2,15.1,1
57,3,2584,1,16.1,0
17,9,4419,4,17.0,1
68,3,4434,4,15.8,0
45,6,4582,2,18.3,0
34,9,2990,3,11.0,1
52,10,4609,3,19.2,0
45,8,5174,1,9.8,0
35,7,4374,3,4.2,1
33,7,3711,5,6.1,1
22,5,3992,6,12.5,1
65,7,5017,2,3.2,0
52,6,2943,1,5.7,1
31,6,4743,6,9.4,1
55,4,3335,6,13.6,1
54,4,5221,5,5.8,0
23,2,2933,2,12.8,1
25,8,4102,1,14.3,1
28,1,3741,4,16.0,0
21,2,4006,1,14.2,1
61,3,3684,5,7.3,1
24,2,2616,2,20.0,1
60,8,5159,2,18.1,0
45,2,4154,5,9.3,0
22,5,4360,2,3.5,1
62,8,4118,0,12.0,0
25,6,4139,5,17.7,1
70,6,4379,2,17.0,0
16,4,3800,4,18.3,1
50,5,2906,4,19.5,0
33,8,2590,0,15.1,1
45,5,4173,0,5.8,0
62,7,3076,5,3.6,1
59,9,3907,0,5.6,0
31,3,4376,2,6.4,0
19,2,4347,5,4.0,1
31,5,3022,1,10.7,1
60,4,4547,3,16.3,0
44,2,5416,0,3.1,0
57,8,3620,3,16.7,1
43,7,2867,4,18.7,1
45,7,4062,1,5.6,0
19,8,4412,1,3.4,1
17,5,3724,3,11.1,0
54,6,4357,5,17.8,1
27,3,4873,3,15.5,0
35,8,4291,4,3.6,1
36,10,4968,2,14.4,1
50,9,2952,0,16.9,1
67,5,3408,6,7.6,1
57,1,4221,5,14.1,0
51,9,3304,0,11.4,1
61,6,5582,1,6.5,0
44,8,4602,2,18.3,1
23,4,3776,0,6.8,0
42,9,4899,6,17.3,1
69,9,5548,1,14.9,0
58,1,2533,1,6.8,0
35,6,4226,2,15.1,0
33,5,3825,6,3.4,1
66,7,4840,1,7.0,0
21,3,3453,2,7.9,1
67,1,3509,4,18.1,0
53,3,4876,1,18.6,0
60,6,5260,0,7.6,0
34,3,2944,0,11.1,1
51,5,4405,1,19.7,0
33,4,4912,2,14.3,0
16,7,3009,6,4.2,1
41,5,4550,6,9.7,0
69,2,5536,3,10.2,0
29,7,5113,6,8.2,1
24,3,3102,0,11.8,0
66,4,5569,3,15.5,0
66,8,3606,3,14.8,1
62,3,3977,0,9.0,0
69,1,3403,3,15.5,0
70,4,4668,3,12.1,0
66,4,2889,5,16.1,1
69,7,4700,2,4.9,0
56,8,2671,3,9.9,1
33,1,5118,1,9.7,0
41,8,3510,3,9.0,1
36,8,4106,0,14.9,0
44,2,3206,3,12.5,1
54,4,2833,2,9.6,1
29,8,2572,1,12.1,1
16,6,5536,2,15.0,1
49,4,2922,6,14.5,1
70,8,2676,4,15.9,0
63,7,4092,5,17.5,1
16,6,5483,2,15.6,0
48,1,2757,2,6.1,1
45,7,3291,0,17.4,0
39,2,4223,4,8.6,0
52,10,4026,0,14.3,0
39,2,2951,6,19.8,1
66,1,5447,4,8.0,0
65,4,3610,3,7.6,1
51,4,4597,4,6.1,0
41,4,3919,6,19.7,1
48,10,4315,1,10.3,1
65,3,5303,5,16.3,0
32,9,3510,6,3.8,1
63,2,5024,4,6.1,0
48,7,3406,4,4.1,1
19,2,3482,3,16.9,1
57,3,2601,1,4.8,0
27,2,3574,6,18.7,1
44,4,4317,2,14.3,0
68,5,4483,2,18.5,0
58,9,3833,6,10.0,1
54,8,3605,0,11.9,0
19,7,3195,2,3.5,1
63,5,5303,3,10.9,0
34,3,3691,1,13.0,0
18,3,3448,4,4.7,1
68,2,5416,3,19.7,0
26,7,4474,1,3.1,0
33,8,5130,1,7.5,1
23,6,3705,2,13.5,0
50,6,3834,5,11.5,1
63,4,4761,3,7.1,1
44,10,5537,5,19.8,0
63,9,4944,5,6.2,1
67,5,3932,5,12.7,1
63,8,4353,5,5.0,1
24,4,3582,4,4.0,1
27,2,3914,2,11.3,0
32,3,3702,4,16.7,0
51,9,2808,6,12.0,1
63,5,5211,2,8.0,0
33,9,2924,3,3.3,1
52,4,3330,6,19.0,1
26,5,3284,4,6.6,1
45,1,3188,1,12.8,1
58,8,4042,2,3.3,1
37,4,5477,1,4.7,0
24,1,3518,3,5.9,1
38,3,4776,6,4.9,0
57,7,4771,5,12.0,1
67,9,4867,6,9.7,1
49,10,4429,5,16.6,1
52,3,4794,3,5.0,0
39,6,4860,4,10.3,0
67,5,4617,3,10.3,0
63,8,4231,0,6.9,1
69,7,2782,0,4.6,0
63,1,4075,3,3.2,0
46,2,4836,4,3.3,1
68,6,3560,1,9.8,0
49,6,3271,0,3.9,1
49,9,4342,0,9.7,1
52,9,2910,2,10.4,1
26,1,4729,6,10.6,0
62,6,5547,2,6.3,0
35,5,4001,6,11.5,1
52,5,2586,6,9.7,0
62,1,3341,6,19.8,0
22,9,2598,6,3.8,1
32,2,3923,1,3.9,0
67,10,3460,6,17.0,1
35,10,4897,6,7.5,1
52,9,5117,5,6.1,1
46,2,3848,1,17.9,1
63,5,5531,2,12.1,0
44,1,3893,4,13.5,0
39,7,2867,0,3.1,1
16,9,5315,5,7.4,1
42,6,3725,2,7.4,1
48,1,5244,0,15.9,0
53,4,4776,2,9.6,0
58,2,5413,2,12.8,0
58,5,4501,4,18.8,0
41,4,4337,4,19.7,1
20,9,3223,2,5.2,1
29,3,3365,4,12.4,1
38,4,3520,6,14.9,0
69,3,3460,2,16.3,0
58,9,4342,2,18.6,1
65,3,5197,0,15.4,0
70,10,2609,2,14.7,1
23,7,4417,1,3.9,0
16,4,4850,5,12.3,1
47,6,3874,0,13.2,0
30,2,3353,4,14.8,0
63,10,3840,5,12.9,1
41,10,5067,1,10.0,1
16,3,5334,0,11.3,0
28,2,4619,4,19.4,0
34,5,4005,4,8.6,1
17,8,4500,3,16.3,1
33,7,4598,6,13.3,0
45,1,4878,0,10.5,0
65,1,2948,1,10.0,0
51,3,2732,3,12.1,0
21,8,3571,3,16.6,0
38,3,3305,6,5.1,1
58,9,4405,4,18.5,1
36,3,4117,1,16.2,0
46,9,5347,5,8.9,1
70,10,4909,2,3.2,1
23,8,2957,6,4.8,1
42,2,5132,1,5.5,0
49,1,4889,5,4.8,0
59,2,3684,3,4.7,0
62,7,2679,3,19.3,1
31,7,4960,6,14.2,0
41,10,3098,1,17.0,1
61,10,3182,2,12.6,1
62,4,3958,1,13.5,0
61,4,2755,5,18.0,1
52,8,3737,5,7.5,1
30,8,3264,5,14.8,1
36,4,2664,1,18.3,0
52,1,5299,1,18.9,0
29,1,3308,2,10.5,0
53,9,4186,5,17.6,1
44,4,5031,5,11.6,1
40,8,3992,6,7.4,1
35,9,3407,5,7.3,1
58,9,4804,6,10.7,1
41,5,4645,1,7.4,1
32,7,2531,4,3.5,1
37,2,5039,3,4.8,0
42,10,2866,1,17.4,1
49,9,4786,6,18.0,0
70,4,2808,0,17.8,0
34,4,2703,5,12.4,1
25,8,2877,1,18.9,1
69,5,4796,1,11.5,0
24,8,3905,4,10.9,1
65,1,4364,3,11.1,0
23,3,3370,2,7.3,1
36,8,2871,6,13.4,1
70,10,4935,4,10.6,1
25,1,5081,4,19.6,0
24,8,5101,5,5.9,1
49,1,2701,5,4.3,1
26,9,5367,1,9.0,0
17,3,4179,3,6.7,1
54,4,3107,6,19.9,1
68,8,3116,5,12.5,1
57,9,4058,0,9.1,1
69,5,4371,1,13.9,0
44,4,2650,1,10.7,0
49,10,4037,3,6.6,0
70,10,3243,5,9.7,1
43,6,5345,3,7.9,1
18,1,4406,1,13.8,1
29,10,3652,3,16.9,1
50,7,3809,1,7.5,1
63,6,5095,4,13.6,0
49,2,4641,6,15.0,0
38,10,3701,4,9.3,1
33,8,5101,6,11.3,1
53,3,4427,3,9.1,0
65,4,2684,5,9.3,1
31,4,4454,6,10.6,1
46,9,5409,1,8.0,1
39,5,5176,4,11.3,0
29,9,2631,1,15.8,1
38,7,5233,0,9.7,0
20,4,5543,1,19.1,0
45,5,3004,0,6.7,1
21,9,4476,1,10.6,0
42,5,4840,0,13.2,0
65,7,2634,6,12.2,1
24,2,5065,3,19.1,0
29,5,3720,1,8.5,1
55,6,3428,2,9.4,1
65,4,3300,5,13.1,0
68,9,4067,4,13.1,1
22,3,4975,0,16.4,0
29,9,5046,1,16.5,0
70,1,3198,3,3.2,1
43,5,5063,6,16.0,1
61,6,5061,0,15.2,0
16,3,2690,6,13.0,1
22,6,3468,0,8.4,1
27,10,2546,3,18.4,1
20,5,5566,1,15.5,0
64,6,3964,2,7.4,1
60,10,3338,6,8.2,1
37,10,5272,1,15.1,0
20,1,4623,4,18.6,0
21,8,5414,2,11.3,1
30,9,4980,4,17.9,1
55,10,5461,0,9.5,0
60,9,3171,2,9.7,1
45,1,3132,6,14.7,1
65,8,2734,5,3.9,1
67,9,3562,6,5.4,1
58,6,4208,4,15.4,0
20,1,4251,1,7.1,0
64,2,4598,3,6.0,0
65,3,4773,6,4.5,1
46,9,5033,4,6.8,1
48,2,4111,3,7.3,0
58,8,3345,6,8.8,1
48,2,3861,0,19.0,0
34,9,5204,6,14.0,1
54,1,5029,0,14.8,0
59,3,5338,6,5.3,0
23,2,4174,5,6.3,1
53,6,4915,3,18.3,0
25,8,3780,3,13.8,1
47,5,2523,0,16.8,0
21,6,4805,2,9.1,0
70,7,2770,1,12.8,0
52,5,4469,4,11.5,1
41,8,5592,1,6.5,0
43,3,2579,5,17.0,0
50,2,4775,2,8.7,0
22,2,5191,5,10.9,0
44,2,4443,2,5.3,1
55,1,4638,5,13.9,0
30,1,5294,4,16.4,0
42,1,4909,6,10.0,1
34,2,2622,3,19.6,0
24,7,4899,2,7.4,1
69,3,4847,4,17.8,0
48,6,3207,0,15.3,0
37,1,4529,6,18.8,1
34,9,5109,4,15.6,1
53,4,5129,0,11.4,0
21,5,5199,1,10.0,0
47,7,4911,0,17.1,0
28,10,2878,4,17.3,1
64,8,4003,4,13.0,1
59,5,3222,1,14.9,0
57,4,2720,3,10.9,1
24,4,3316,3,6.7,1
20,1,5319,3,3.8,0
41,4,4353,4,14.1,1
35,8,4866,5,14.4,1
55,3,4058,6,14.3,1
55,4,3604,1,12.6,0
37,1,3996,6,8.8,0
24,3,5550,4,7.1,0
33,1,3389,1,4.1,0
43,5,3464,6,5.5,1
29,3,5126,2,13.7,1
33,10,3648,3,16.1,1
29,6,5302,6,18.4,0
19,4,5521,4,4.4,0
49,6,2704,1,16.8,0
70,10,4571,0,13.2,0
68,2,2791,5,8.1,1
67,3,5225,2,15.3,0
52,6,2857,0,19.8,1
57,2,5252,0,9.5,0
19,6,4884,6,13.7,1
27,2,4162,4,7.4,1
54,9,3144,3,6.5,1
70,8,3327,4,5.5,1
65,1,3836,2,3.5,0
50,6,5127,6,15.3,0
21,3,5282,4,5.5,0
69,6,4055,4,14.5,0
33,6,3221,6,17.8,1
18,10,4249,0,17.4,1
58,2,5078,2,8.1,0
25,6,4178,5,5.1,1
32,10,5260,0,10.5,0
53,2,2529,2,6.1,1
69,3,4055,1,9.3,0
65,8,2642,4,12.7,1
24,2,4396,5,14.0,0
25,3,4410,1,6.7,1
60,10,3468,4,6.9,1
33,6,4962,5,17.7,0
20,1,5448,6,19.1,0
48,9,3916,6,13.9,1
52,6,3848,3,12.5,1
70,5,3090,0,14.2,0
42,10,2587,5,5.2,1
59,4,3760,3,18.2,1
45,4,3868,3,6.5,1
66,6,4881,3,14.4,0
42,3,5172,4,6.8,0
53,2,2836,2,15.0,0
68,2,2972,2,15.8,0
64,4,4236,2,15.6,0
38,1,3664,3,10.3,0
43,6,4676,4,13.3,1
48,10,3499,0,13.2,1
22,3,3789,2,15.2,0
28,1,3876,5,11.5,0
55,1,4363,0,11.6,0
19,2,2716,5,14.6,1
49,6,5238,5,5.9,1
42,5,3550,2,14.1,1
42,5,3159,4,5.5,1
62,8,4485,3,15.3,1
31,4,2918,1,9.6,1
59,7,4329,1,17.3,0
59,10,2688,6,4.5,1
70,2,3317,6,10.8,1
61,2,4751,6,5.8,0
43,3,3652,0,17.8,0
36,2,5291,6,5.1,1
58,9,3602,4,11.2,1
67,9,4640,3,4.8,1
31,6,2592,2,16.6,0
36,2,5527,1,7.8,0
43,9,4409,2,13.1,1
21,10,4695,1,5.9,0
33,5,3508,5,9.0,1
25,7,3394,6,4.9,1
58,7,3853,6,12.4,1
43,6,3292,6,3.1,1
49,4,2564,0,19.9,0
20,3,4566,5,10.1,0
47,3,4721,6,13.7,0
55,4,4595,3,7.9,0
53,8,4217,3,7.3,1
59,9,4123,2,17.4,0
22,2,5555,5,15.9,0
46,1,4133,4,13.9,0
42,5,4688,4,15.8,1
65,8,3791,0,6.0,1
53,6,2602,6,18.9,1
68,9,3584,3,10.7,1
17,8,4736,6,17.8,1
40,8,4465,4,15.5,1
54,6,4650,3,7.9,1
20,1,4817,5,12.7,0
51,2,3176,1,19.4,0
28,8,5021,3,3.6,1
20,4,4714,0,10.3,0
52,8,3454,5,13.5,1
39,4,4061,2,8.8,1
38,1,5158,0,8.4,0
33,7,3018,5,15.7,1
53,9,3438,1,18.6,1
50,5,3095,1,12.1,0
52,2,3445,1,19.1,0
59,5,3134,4,4.7,1
49,10,4998,2,6.9,1
20,4,5572,3,4.5,0
24,1,5505,2,10.4,0
70,8,3610,5,13.7,1
31,3,5389,2,6.4,0
39,1,2753,5,10.6,1
36,7,2844,3,14.6,1
70,4,3509,0,13.9,0
61,2,3394,3,13.7,0
42,1,5344,1,13.3,0
53,2,4855,3,19.8,0
46,2,4835,0,15.1,0
51,1,4999,5,18.4,0
68,4,4748,4,19.2,0
52,9,4063,0,17.6,0
22,4,2682,6,4.6,1
43,1,2549,2,12.0,0
61,9,5524,1,9.5,0
18,7,4055,0,4.7,1
35,10,5454,1,12.6,1
27,6,2596,0,6.6,1
55,5,4471,3,12.9,1
23,6,3372,4,16.9,1
50,1,3629,2,9.7,0
19,4,4536,6,19.1,0
66,5,4035,6,16.0,1
33,3,2917,2,16.7,0
38,9,5598,4,4.9,1
59,10,4708,2,19.0,1
36,5,3618,1,3.6,1
22,8,4426,1,17.3,0
65,3,2969,3,3.5,0
22,10,3832,0,5.8,1
43,8,3816,4,8.4,1
22,8,3653,6,15.5,1
54,6,3999,2,18.3,1
30,9,5335,4,14.3,1
67,6,2521,6,15.4,1
27,10,4214,4,7.9,1
52,7,5416,2,19.6,0
16,5,5255,6,9.9,1
22,3,5282,0,18.5,0
31,10,3778,4,16.2,0
64,1,4258,1,9.2,0
70,1,4343,1,8.8,0
49,1,5096,3,14.6,0
34,2,5459,4,19.0,0
33,3,3289,5,14.4,1
27,5,2884,5,17.6,1
34,3,3321,2,19.4,0
43,5,3314,2,8.6,1
53,5,3431,0,12.2,0
28,5,5341,4,13.4,1
17,1,3167,5,6.7,1
46,6,3808,3,16.6,0
29,3,3608,2,7.4,1
38,6,3343,2,15.0,1
55,1,3108,4,11.9,0
65,9,5591,4,17.2,0
45,8,4441,3,11.7,1
67,4,2816,1,13.0,0
30,4,4530,2,6.1,0
55,4,4395,2,16.7,0
69,10,3613,0,9.8,1
27,8,4943,2,12.9,1
56,5,4987,5,17.4,0
42,7,4938,4,11.1,0
64,1,4481,0,7.7,0
32,9,3869,5,7.5,1
68,6,3141,1,12.6,0
59,4,2636,4,8.0,1
54,7,5346,3,8.8,0
17,1,5107,5,7.0,0
20,5,3123,5,10.6,1
52,10,4988,2,10.9,1
42,8,2648,5,11.9,1
33,1,3235,4,13.1,0
62,6,2965,2,13.0,0
42,7,3555,0,9.2,1
41,6,3490,3,18.3,0
33,4,4089,3,11.7,0
69,7,3922,3,17.1,0
36,5,2853,4,12.5,1
30,10,2964,4,9.3,1
53,9,5043,1,15.6,0
17,10,4199,2,6.0,1
48,5,5358,6,19.5,1
47,7,2905,4,12.7,1
29,2,3455,2,4.8,1
58,8,2989,6,10.2,1
18,8,5364,4,15.1,1
69,8,2992,5,4.2,1
63,1,4982,3,7.4,0
25,5,3096,1,18.7,0
43,3,4756,5,9.1,1
26,10,3911,5,5.7,1
50,6,5504,4,4.7,1
35,7,2716,3,13.5,1
42,5,3506,0,12.5,0
68,2,4741,1,14.0,0
50,7,5338,6,19.3,0
63,7,4171,1,4.0,1
50,4,2805,4,6.4,1
42,7,4450,4,7.0,1
16,4,3981,3,10.3,1
20,7,4902,6,5.1,1
45,4,4211,4,10.0,0
43,8,5283,6,16.9,1
43,9,2880,1,5.8,1
62,5,4434,5,18.6,1
21,1,4785,5,18.5,0
52,7,3758,6,11.7,1
57,10,3973,2,17.6,1
51,8,4655,2,15.1,1
28,4,3912,5,9.1,1
38,6,3717,5,12.5,1
18,4,4302,1,5.0,0
25,8,4991,2,11.4,1
60,8,2917,5,17.1,1
49,7,5209,3,12.9,0
63,4,3120,6,9.5,1
54,2,2802,4,14.3,1
29,7,3060,6,19.6,1
60,4,2737,2,4.1,1
53,10,5450,5,8.6,1
26,1,3404,1,5.7,0
16,9,4896,4,19.3,1
58,8,3065,2,12.3,1
55,6,4140,3,5.2,1
20,10,3820,5,13.4,1
41,8,4544,0,11.5,1
66,1,5564,1,4.0,0
59,4,4514,3,17.7,0
60,9,4676,2,15.1,0
37,8,3313,3,3.1,1
22,2,2878,3,19.3,1
35,2,2768,0,5.7,1
53,10,3430,6,3.0,1
62,1,4220,4,10.3,0
51,10,2687,4,5.4,1
18,6,3315,1,12.7,1
48,9,4456,1,8.3,1
26,3,5207,4,6.1,0
49,4,5567,0,19.8,0
38,8,3231,3,8.7,1
45,2,2816,6,10.1,1
48,2,4275,6,8.0,0
51,7,5408,3,17.2,0
16,1,3802,1,6.3,1
69,10,5302,0,5.2,0
47,7,4802,1,18.0,0
43,8,5286,1,6.1,0
36,6,5447,3,17.6,0
21,7,2832,5,12.8,1
50,10,3775,3,17.0,0
35,1,2654,5,4.2,1
65,3,2637,1,19.4,0
52,7,3973,2,8.1,1
40,2,4550,4,4.0,0
17,3,5246,0,16.0,0
46,1,2900,6,6.0,1
62,1,2603,6,9.0,1
41,5,2823,5,13.1,1
51,7,5372,4,4.2,1
22,2,4550,1,6.4,0
38,10,3992,1,11.3,0
59,8,2818,1,10.2,0
39,7,3649,0,12.5,1
64,1,2899,3,15.4,0
38,6,2593,6,9.0,1
60,10,3861,4,9.9,1
51,3,4058,6,7.6,0
68,6,3902,6,8.8,1
45,6,5201,4,3.9,0
41,7,5332,0,12.9,0
35,10,2877,6,5.9,1
51,2,3356,3,15.2,0
69,1,4053,3,3.7,0
25,1,3742,6,4.0,1
67,3,3851,4,7.8,1
69,4,4693,0,10.5,0
58,9,3057,5,14.8,1
47,6,5063,6,14.8,1
63,8,3320,1,19.5,1
30,6,3582,3,9.0,1
50,10,3187,0,4.0,1
60,4,4456,5,17.6,0
60,7,4656,1,15.4,0
48,3,4434,2,4.2,0
37,3,4030,4,4.4,0
68,10,3439,5,11.1,1
53,1,4631,2,8.8,0
58,3,2867,6,13.1,1
50,4,3466,0,6.7,0
64,2,4615,1,19.3,0
42,8,4645,0,11.7,0
46,4,3331,5,15.8,0
60,5,3557,2,5.1,1
44,4,3486,0,13.5,0
29,9,5249,5,17.7,1
57,5,4274,1,3.4,0
36,8,2867,4,12.2,1
21,7,2998,3,7.2,1
36,10,2714,0,11.1,1
18,7,3248,4,16.9,1
64,10,3189,6,14.7,1
70,7,3882,2,15.8,0
30,1,4816,5,6.6,0
66,2,5223,1,17.2,0
55,8,4231,1,13.4,1
68,1,4893,1,4.2,0
24,2,4530,1,17.7,0
19,8,3484,1,3.9,1
66,4,4397,4,3.5,1
30,3,3436,0,17.2,0
48,2,3457,3,3.2,1
65,4,5560,1,4.5,0
34,9,5323,1,3.3,1
20,5,4525,5,18.0,0
59,10,4338,3,3.8,1
40,8,4625,2,9.3,0
17,3,4834,4,6.7,0
34,2,2670,6,8.8,1
45,10,3611,1,7.9,1
64,10,2825,1,18.1,1
28,2,4140,4,16.1,0
44,4,3412,3,18.0,0
25,8,3523,4,15.2,1
31,10,5110,1,8.6,0
30,10,3132,6,6.2,1
44,3,5323,0,12.0,0
52,9,3804,1,9.1,1
22,8,3092,4,13.9,1
20,5,2944,3,3.7,1
56,4,4714,2,15.1,0
32,9,5298,6,8.1,1
50,9,5209,2,10.9,1
20,10,3027,4,19.6,1
49,5,5224,2,6.7,0
66,3,3199,3,5.0,0
40,9,3922,5,6.6,1
47,4,2517,2,9.0,0
32,8,3302,2,12.1,0
31,6,3491,5,19.7,1
19,6,5464,0,17.8,0
42,3,3362,3,15.2,0
68,3,3357,1,15.2,0
22,7,3347,3,7.8,1
38,3,3283,4,18.8,0
62,7,4173,3,12.2,1
43,10,3137,6,5.8,1
57,1,3400,6,19.2,0
36,10,4150,1,11.6,1
49,2,4844,4,5.6,0
70,2,2832,2,15.5,0
48,9,3580,5,7.0,1
59,3,4269,3,6.2,0
54,7,5341,6,7.5,0
21,2,5425,6,12.8,0
24,1,5203,0,8.0,0
49,3,4065,0,3.7,0
35,6,2804,0,9.6,1
42,3,5492,5,7.0,0
42,3,4426,1,11.7,0
59,9,5307,5,10.8,1
70,2,5354,2,4.3,0
70,1,4956,2,7.2,0
20,2,3802,4,7.8,1
56,9,4384,5,11.2,1
55,5,4642,3,17.0,0
63,10,5230,4,6.7,0
39,9,3201,5,5.7,1
43,3,4220,1,3.0,0
40,8,4347,4,13.3,1
36,5,3142,2,8.5,0
29,6,3745,1,14.4,1
51,6,5368,2,14.7,0
16,8,2549,1,3.8,1
57,3,4056,2,10.1,0
62,1,4388,0,19.5,0
28,8,5314,5,7.7,0
27,10,3378,2,12.0,1
43,6,3718,4,12.1,1
62,2,2749,5,7.4,1
22,2,3540,5,16.2,0
39,6,5591,0,3.1,1
27,9,4874,3,6.9,1
62,7,3827,2,13.1,1
64,4,4466,2,18.6,0
20,7,5490,5,3.2,1
23,2,3863,0,13.2,0
24,5,3413,2,3.1,1
60,10,5223,5,13.6,1
65,7,5136,2,10.0,1
36,2,4101,0,10.4,0
24,3,2536,1,19.4,0
52,1,2539,2,14.6,0
64,5,2864,1,6.3,1
66,3,4648,4,20.0,1
40,10,3044,1,7.4,1
58,4,2695,5,14.7,1
68,1,4613,2,14.6,0
61,5,3991,0,17.4,0
42,8,4144,0,9.8,1
30,7,3095,4,14.8,1
36,10,3165,5,13.6,1
35,4,3250,0,10.4,1
70,6,4496,2,18.6,0
56,6,5537,5,7.3,0
63,1,5338,6,6.8,0
58,1,2851,5,13.7,0
42,8,4606,4,6.2,1
59,4,4848,5,17.1,0
51,7,2625,2,8.8,1
56,10,4476,0,10.2,0
32,3,3877,3,14.6,0
28,8,3104,3,18.0,1
25,3,4947,5,14.7,0
31,8,5399,1,4.6,1
69,2,4354,6,8.7,1
67,4,3124,3,15.8,0
24,5,3829,3,18.4,1
46,5,4098,6,13.8,1
67,1,5297,3,13.1,0
57,9,4950,0,9.4,0
49,1,4579,1,11.1,0
48,9,4867,4,10.3,1
33,3,4651,1,3.9,0
66,8,3491,1,3.4,1
20,8,2913,2,13.5,1
63,5,5101,3,11.7,0
63,6,4216,0,7.2,1
30,1,5482,3,18.2,0
44,10,4611,5,6.5,0
64,2,3969,3,14.9,0
42,7,4504,4,16.4,0
32,1,4522,4,17.3,0
19,8,5542,3,17.3,1
40,4,3629,6,16.5,0
31,5,3678,4,10.8,1
62,1,3597,5,13.6,0
63,3,2834,4,17.6,0
33,5,3956,6,10.1,1
27,8,3880,3,14.4,1
31,6,3111,1,5.7,1
38,3,5027,1,12.6,0
52,6,4637,6,5.4,1
24,3,3248,5,14.2,1
70,6,3013,2,9.4,1
54,6,4415,3,6.9,0
23,3,2516,0,9.1,0
33,3,2968,6,14.9,1
54,6,3862,3,18.4,0
43,6,5570,2,3.2,0
44,10,2736,1,5.9,1
18,5,4138,0,15.0,0
38,5,4243,5,12.7,0
49,5,3280,1,8.4,0
57,9,4113,0,14.1,1
40,4,4466,6,17.7,0
46,4,2925,3,7.4,1
28,4,5457,0,11.3,0
59,7,3262,2,3.4,1
54,7,3643,3,19.1,1
56,5,2575,1,16.6,1
52,3,4339,6,11.6,1
70,7,4341,6,19.9,0
64,3,2860,6,6.7,1
60,9,3407,3,15.6,1
34,7,4876,6,16.1,0
19,5,4710,2,17.1,1
16,3,3452,3,14.6,1
58,8,4452,5,6.2,1
65,7,4815,3,4.6,0
51,9,3658,5,6.1,1
55,8,3044,0,17.6,0
20,8,2567,3,9.8,1
47,1,5459,5,12.3,0
49,1,3492,1,3.4,0
24,7,4999,2,11.4,0
57,1,3507,6,10.0,1
34,9,4707,4,12.1,1
26,9,3531,2,9.4,1
54,6,4382,2,4.3,0
39,8,5455,1,3.7,1
45,5,4836,5,19.1,0
45,10,3010,0,13.3,1
50,1,4123,1,13.9,0
38,3,3337,0,18.6,0
60,7,3180,5,12.4,0
64,8,5080,6,13.5,1
42,3,5546,0,11.9,0
25,9,5367,6,6.0,1
31,5,5101,6,8.3,1
58,9,3951,3,18.0,1
30,3,4131,0,10.5,0
58,7,4174,4,6.5,1
52,3,4782,3,17.1,0
40,2,2663,5,4.5,1
22,8,5063,2,13.9,1
45,7,5004,3,14.9,0
54,3,5584,6,8.2,0
24,7,4343,4,5.8,1
61,10,3917,4,10.6,1
26,4,3984,6,15.8,1
38,6,4422,3,18.1,0
45,3,3437,1,16.9,0
56,6,4908,6,4.9,1
28,9,3875,0,6.8,1
34,7,3373,3,13.5,1
60,2,4779,5,15.1,0
34,8,3544,5,3.1,1
49,5,2750,4,5.4,1
37,1,4118,2,4.6,0
19,7,4071,1,8.8,1
44,3,3403,0,14.6,1
35,10,2607,2,19.0,1
30,10,3974,6,4.5,1
63,7,4893,4,11.6,0
58,7,4984,2,9.3,0
31,4,3154,3,9.8,1
44,1,3834,2,4.2,0
55,1,5300,6,7.9,0
18,5,3568,3,7.3,1
21,4,3975,5,15.2,1
45,10,4606,0,13.9,0
67,3,3917,3,13.8,0
67,3,5108,4,11.8,0
40,9,3617,4,8.8,1
54,9,4025,0,7.1,1
43,4,4100,4,3.2,1
65,1,4807,5,5.5,0
47,1,3547,0,6.7,0
65,6,3353,2,19.6,0
35,9,3615,2,19.5,1
67,4,3220,1,16.1,0
55,1,3106,3,13.4,1
58,4,5039,6,14.4,1
16,1,3570,6,13.2,0
60,5,3337,4,14.0,1
24,5,5016,6,6.7,1
67,8,4944,5,19.6,0
26,1,3261,0,15.9,0
61,5,3445,2,7.0,0
50,2,5045,5,11.7,0
37,5,3361,3,16.4,1
64,10,5170,4,18.5,0
37,8,4414,2,9.5,0
19,9,4565,0,11.2,1
20,1,4155,3,8.3,0
62,8,2595,2,9.4,1
37,9,5056,5,6.9,1
61,7,4239,6,3.5,1
17,8,3035,0,10.1,1
20,1,5082,2,11.0,0
70,8,3409,2,16.3,0
23,9,3633,4,11.9,1
53,3,4481,2,8.5,0
35,5,3376,3,10.9,1
43,5,2520,6,16.5,1
22,1,3496,4,11.2,1
30,2,4617,0,12.4,0
57,4,3811,3,5.9,1
45,2,4708,6,3.1,0
43,6,2717,3,18.8,1
67,1,3298,6,7.6,1
38,1,3236,6,8.9,1
60,7,2698,1,5.0,1
55,3,4505,2,11.7,0
41,4,3151,1,15.5,0
32,4,3964,1,14.7,0
35,5,5570,2,17.5,0
63,5,3266,2,7.9,1
32,2,3103,2,8.3,1
51,1,5385,5,19.4,0
22,5,3607,1,10.8,0
35,6,3416,3,17.2,0
67,8,4730,6,13.4,1
45,2,2900,5,6.1,1
61,1,3672,1,19.3,0
30,6,3117,1,8.5,0
57,10,5264,6,13.9,1
70,3,3419,4,7.3,1
66,1,4257,6,12.8,0
39,5,4119,6,12.2,1
53,6,4027,3,7.4,1
65,7,2705,3,19.8,0
60,2,3314,2,5.4,0
69,7,5150,4,10.5,0
17,4,4199,4,3.5,1
45,1,5220,4,14.6,0
59,10,4234,6,10.9,1
56,6,3486,5,12.5,1
24,4,3570,0,14.9,1
47,9,4903,2,16.0,0
25,8,3237,3,19.4,1
21,3,4359,4,17.7,0
22,10,5400,6,8.5,1
68,6,5120,2,15.4,0
30,3,3700,5,4.3,1
41,5,3358,2,5.3,1
30,2,4427,1,10.8,0
65,9,4391,3,10.8,1
64,3,4739,1,11.6,0
52,5,2725,2,11.1,1
61,1,4173,1,13.9,1
21,10,2529,0,19.2,1
70,4,5572,4,5.9,0
38,7,5211,5,9.1,0
38,4,4793,0,4.3,0
26,6,3413,4,6.4,1
64,6,4813,3,19.8,0
25,3,3880,0,3.7,0
63,5,4511,4,6.6,1
55,6,3218,1,10.3,0
58,3,3971,5,8.0,1
17,2,5218,4,12.3,0
56,2,3088,0,19.8,0
69,5,3692,3,15.0,0
37,3,3403,0,9.9,0
40,3,3055,5,14.6,0
22,7,3731,2,17.8,1
42,7,4384,3,6.9,1
53,10,2669,4,15.2,1
32,8,3136,5,13.4,1
56,5,5033,3,15.5,0
20,10,3308,0,4.4,1
53,10,3540,1,15.5,1
48,3,4585,4,16.4,0
28,2,4813,0,14.7,0
34,9,5473,2,6.4,0
29,9,2992,2,5.7,1
50,9,4839,2,15.6,0
51,5,4743,6,14.0,1
46,9,2884,6,19.7,1
26,8,5217,6,10.7,1
27,8,3468,6,6.9,1
60,7,3811,6,16.1,1
41,3,4968,1,15.7,0
39,8,4124,2,11.9,1
32,9,3352,0,15.7,1
67,9,3498,5,8.3,1
29,6,4794,6,6.7,1
58,1,3068,0,5.1,0
58,8,3962,1,7.9,0
29,3,4817,1,14.1,0
16,3,5241,6,7.4,0
29,1,5060,5,18.0,0
30,2,3613,1,7.2,0
56,5,3115,0,14.6,0
45,3,5397,2,12.0,0
39,4,4351,4,6.6,1
42,6,3763,0,12.5,1
68,6,5296,3,19.2,0
67,5,4751,3,19.1,0
17,5,3977,6,8.0,1
62,9,3105,1,12.1,1
35,3,2753,1,5.6,1
57,1,4145,3,11.0,0
70,9,2854,2,8.5,1
44,1,3461,6,18.8,1
50,8,4612,5,13.8,1
39,4,2539,1,6.1,1
20,9,5567,2,19.9,0
18,2,3855,4,14.8,0
35,2,5197,6,5.3,0
61,5,3034,1,16.6,0
34,5,3928,2,12.5,1
39,8,5471,4,9.8,1
45,7,4460,6,6.3,1
33,10,5006,2,7.7,1
42,7,4623,3,5.8,1
49,3,4792,4,16.7,0
62,1,3629,2,7.6,0
57,3,3905,5,11.0,0
60,10,2653,3,19.5,1
44,8,3303,6,19.9,1
54,8,2699,4,16.5,1
24,3,3505,6,16.6,1
24,5,4750,6,19.1,1
66,8,3133,1,16.5,1
49,10,3983,6,10.7,1
22,6,4210,0,4.0,0
38,1,3007,1,6.5,0
69,9,5014,0,10.6,0
17,10,4890,0,7.5,1
40,1,3080,5,8.6,0
62,4,2612,0,4.0,1
68,10,2514,1,12.4,0
36,10,3408,2,9.0,1
66,10,2889,5,7.4,1
55,10,2554,5,13.4,1
38,1,3928,6,7.7,1
58,2,4127,0,11.1,0
60,5,2557,1,7.2,1
31,7,4355,2,14.6,0
20,5,3750,1,17.5,0
58,3,3121,0,4.4,1
20,3,2844,3,16.9,1
58,7,4853,3,17.5,0
35,10,2834,3,19.4,1
54,9,3121,0,17.1,1
49,2,4709,2,12.4,0
18,2,4451,3,4.2,0
16,3,5598,1,4.3,0
50,8,2625,5,6.3,1
44,1,3102,6,10.6,1
18,8,4550,6,19.2,1
69,6,3211,4,6.0,1
29,7,3680,4,12.2,1
63,9,3418,1,20.0,0
22,6,5005,2,3.2,1
28,7,4933,0,3.8,1
45,5,4997,3,7.6,1
45,7,4068,5,6.8,0
49,4,4011,4,11.5,0
25,1,4269,0,10.1,0
30,1,2708,3,12.9,0
30,8,4194,6,5.5,0
40,7,3357,0,14.7,0
66,5,5405,3,6.6,0
41,8,3070,1,10.7,1
70,5,2608,6,3.6,1
29,3,5486,3,16.6,0
29,6,2989,5,13.7,1
21,4,4104,3,6.5,0
27,10,3684,6,13.2,1
33,8,3334,2,10.4,1
37,8,4012,5,17.0,1
55,7,4770,3,19.7,0
40,7,2853,4,5.1,1
53,8,4550,4,11.3,1
20,5,5268,1,7.4,0
68,9,3399,6,15.7,1
24,1,4601,5,3.6,1
17,7,5353,2,12.3,0
39,6,5389,4,17.6,1
51,1,4508,4,9.6,0
28,7,5416,3,17.2,0
24,1,4909,4,5.5,0
62,8,4088,3,18.6,0
61,6,2890,5,16.5,1
57,7,5144,1,9.6,0
28,7,3388,0,5.2,1
45,4,4783,2,11.8,0
53,7,4499,5,14.4,1
39,3,3617,0,5.2,0
25,8,4901,6,18.9,1
61,1,4537,2,16.0,0
67,2,4811,1,19.2,0
25,8,5453,3,8.1,1
54,1,3351,5,10.4,1
64,10,4868,6,7.1,1
45,1,2623,4,7.7,1
18,6,4699,3,5.5,1
53,10,2982,5,5.1,1
66,7,3187,6,14.4,1
30,7,3106,5,5.7,1
23,7,5076,6,5.3,1
29,8,3658,5,12.1,1
60,2,3707,0,15.0,0
46,4,3620,0,16.2,0
16,2,4434,4,12.9,1
48,3,5339,6,6.4,1
60,3,4600,2,12.7,0
26,7,2813,6,13.6,1
48,10,4097,5,7.4,1
28,6,2833,0,5.5,0
17,1,3013,3,18.7,1
38,7,3109,1,4.6,1
58,6,4662,0,7.7,0
52,8,5214,4,6.9,0
21,4,3266,1,18.2,0
26,5,5420,3,11.5,0
45,7,3322,4,19.3,1
33,8,3452,3,17.1,1
34,3,2893,0,15.8,0
39,6,2644,0,6.0,1
57,10,4421,2,8.9,1
47,1,3763,0,16.9,0
62,4,2863,6,19.7,0
21,6,4250,1,17.9,0
41,10,3570,0,19.1,0
46,10,3717,0,13.9,1
57,6,5257,4,11.2,0
44,6,3750,4,11.8,0
66,5,3904,4,10.8,1
62,5,4630,2,5.6,0
53,8,5272,2,8.2,1
37,6,4788,4,4.5,1
33,6,4027,0,4.5,1
45,9,3447,2,8.3,1
41,2,3054,0,14.3,1
17,10,2883,2,13.4,1
28,8,4852,6,12.5,0
61,6,4784,5,15.7,1
41,6,3595,4,10.2,1
68,6,5410,4,10.5,1
29,6,5495,2,11.8,1
69,4,4424,4,4.1,0
60,8,3312,5,12.9,1
35,3,4070,3,15.8,0
49,7,5048,0,7.5,0
70,6,4071,4,17.5,0
50,4,4030,0,7.5,0
67,9,4151,2,11.7,0
22,4,5110,1,17.9,0
24,7,3773,0,15.5,0
16,3,3067,5,12.8,1
33,3,4092,4,13.6,0
59,6,4464,2,4.9,1
69,10,5397,2,14.9,0
45,3,2850,4,13.4,1
39,2,5422,3,4.4,0
67,2,4997,1,5.1,0
48,5,4702,3,19.5,0
45,8,3230,5,6.0,1
20,8,3139,3,18.2,1
27,3,3825,5,7.7,1
54,9,3065,3,9.7,1
54,2,4533,2,12.4,0
43,6,4832,5,13.6,1
54,9,3982,1,11.5,1
54,9,4644,4,8.9,1
19,8,4914,4,11.5,1
61,4,5329,1,14.9,0
54,8,4633,1,9.7,1
28,4,3224,0,12.3,0
27,4,2904,1,9.4,1
68,6,5415,0,8.6,0
29,7,4897,4,8.1,1
17,3,5133,0,6.8,0
17,10,3812,3,15.9,1
28,9,2988,0,19.7,1
50,3,4353,5,3.5,1
41,3,4483,4,6.3,1
56,1,3171,2,19.4,0
28,5,3956,5,8.8,1
28,2,3811,1,9.6,0
38,10,3304,4,14.3,1
59,9,5033,4,9.0,1
43,9,4005,3,11.4,1
57,3,5371,4,18.3,0
21,7,2504,6,12.6,1
38,5,5409,2,14.3,0
40,3,4551,1,6.7,0
19,6,4670,3,7.4,1
33,2,3392,3,18.2,0
31,10,2744,0,18.6,0
41,2,3217,6,16.7,1
25,4,3872,3,5.1,1
30,3,3547,6,16.9,0
68,6,3098,6,3.3,1
23,7,2539,0,13.1,1
60,10,4662,0,14.5,0
45,4,4567,1,10.2,0
20,3,3000,3,11.1,0
38,1,4927,2,15.6,0
44,6,5530,0,18.2,0
31,10,5599,3,6.2,1
30,1,3103,2,5.4,1
55,10,3824,5,13.7,1
17,3,2663,5,6.9,1
67,10,2538,5,6.3,1
33,1,5114,3,6.5,0
36,9,5500,4,6.3,1
23,4,3127,0,11.1,1
64,3,3937,5,19.4,0
28,3,2574,3,17.1,0
60,2,5028,0,12.2,0
33,8,4199,0,4.4,1
17,1,3405,2,14.4,1
38,5,5504,2,10.7,0
44,10,2921,1,16.2,1
41,5,3329,5,11.4,0
70,9,4817,3,14.4,1
44,7,3767,1,6.4,1
58,8,4671,4,17.2,1
36,10,3235,3,16.3,1
23,1,4540,5,9.4,0
43,4,4229,3,19.4,0
46,4,2645,5,5.7,1
38,1,3500,5,3.3,1
58,2,3422,0,16.0,0
69,2,4333,0,13.2,0
20,10,3858,5,4.9,1
19,9,3981,3,5.7,1
31,6,3025,1,5.2,1
48,9,5379,0,5.8,0
18,4,4824,6,10.8,1
26,5,4577,0,3.9,0
38,9,3354,3,11.8,1
36,2,4616,1,13.3,0
62,2,3228,2,15.4,0
46,6,4008,5,19.1,1
63,3,3331,3,4.4,0
57,7,3439,0,3.6,1
38,7,4513,0,5.4,1
69,4,3473,6,8.7,1
62,2,4763,1,11.9,0
43,1,4062,2,3.1,0
62,5,5541,5,14.8,0
30,4,3094,5,19.3,1
27,1,5429,1,7.2,0
59,7,2910,1,3.1,1
59,10,4204,3,15.8,1
28,10,3654,2,16.1,1
57,2,4832,4,3.7,1
43,2,2904,5,13.5,1
46,5,3289,1,7.1,1
62,10,3215,2,13.8,1
24,6,5354,5,15.3,0
38,5,4158,3,6.8,1
31,10,3009,3,7.4,1
46,7,4949,5,13.4,1
24,10,3385,4,12.9,1
22,9,3196,4,18.1,1
54,10,4032,3,11.7,1
19,6,4954,5,16.6,1
38,4,5102,0,15.4,0
70,1,2548,0,14.3,0
70,8,5284,4,6.3,1
25,3,5590,4,7.7,0
66,1,3494,1,12.6,0
34,9,4102,4,4.1,1
26,5,3666,0,3.8,0
43,6,3975,4,3.8,1
42,8,4522,2,18.7,1
36,4,4516,4,14.7,0
39,9,3971,2,17.2,1
21,6,3973,5,19.4,1
30,6,4014,0,14.9,1
26,3,3764,5,11.8,1
67,8,2881,3,11.1,1
43,3,3650,1,15.7,0
46,7,4718,6,17.8,0
40,9,5531,0,17.1,0
64,2,5019,3,11.4,0
59,5,5170,0,16.1,0
53,7,4927,6,11.1,1
33,3,4057,1,9.5,0
32,1,4614,1,8.1,0
67,5,5093,4,3.9,0
67,5,3191,6,6.4,1
31,10,2962,2,15.4,1
34,9,3325,1,5.9,1
34,2,4141,2,18.3,0
59,3,4937,6,4.3,0
68,2,3895,6,3.9,0
64,10,5546,0,11.2,0
62,4,3507,6,6.8,1
35,9,3932,5,4.8,1
33,1,5347,3,4.0,0
64,6,3029,1,12.0,0
37,1,5080,3,7.4,0
27,6,2968,5,12.4,1
62,1,5311,1,5.5,0
42,2,3501,2,3.4,0
20,2,4469,3,3.5,0
65,8,4706,0,4.9,0
32,7,3666,2,16.5,1
32,6,4205,0,10.6,0
45,2,4846,0,13.6,0
30,3,5215,2,17.9,0
61,4,2836,5,6.6,1
54,10,4035,6,17.8,1
47,8,5144,3,15.7,0
27,1,4223,5,15.4,0
42,1,2589,1,17.8,0
30,4,2889,4,5.1,1
68,3,5036,4,12.2,0
59,5,3812,2,11.2,1
22,10,4682,3,14.3,1
45,2,5267,4,7.0,0
58,6,2774,2,5.2,1
44,5,3910,4,19.5,0
22,7,2955,1,10.9,1
23,6,5110,3,6.9,0
56,6,3902,0,5.2,1
44,3,5217,3,13.1,0
45,10,3429,3,5.5,1
30,3,2950,5,6.1,1
30,2,5188,2,19.2,0
38,1,4400,0,3.5,0
45,1,3097,0,6.2,0
41,4,4652,3,14.4,0
64,9,3792,5,6.7,1
26,2,2644,6,6.1,1
41,1,3307,5,12.5,1
28,6,4825,2,14.8,1
16,6,2894,3,10.3,1
38,6,3546,6,16.3,1
19,1,3305,5,16.9,1
36,3,4772,3,13.6,0
50,4,5165,3,12.8,0
36,8,4941,0,16.9,0
53,7,4718,1,3.3,1
32,9,2777,3,11.7,1
38,6,5334,3,5.2,0
64,5,3001,4,6.8,0
29,6,3756,2,19.1,1
43,4,5066,1,3.1,0
55,2,3245,3,8.2,0
35,6,3172,6,5.6,1
32,3,2581,6,12.7,1
54,3,3610,0,17.4,0
20,8,4034,2,9.6,1
30,1,3948,3,17.2,0
38,1,2623,1,10.5,0
27,4,3135,2,18.5,0
45,6,2513,0,17.4,0
50,9,3197,3,6.0,1
69,6,4374,6,18.0,0
49,3,2527,6,6.3,1
48,4,3010,0,11.3,0
55,4,4186,4,6.3,1
27,4,4235,6,9.6,1
41,7,5278,5,19.8,1
61,8,4277,0,16.0,0
25,8,5370,2,12.4,0
32,4,4743,5,18.9,1
28,3,4206,6,9.1,1
68,1,3687,2,5.9,0
35,8,2845,1,17.1,1
33,10,4685,1,3.2,1
60,1,5408,6,16.7,0
66,2,3634,1,3.4,0
16,3,3602,2,7.8,1
64,8,2803,0,9.0,1
54,3,4352,6,8.4,1
63,1,3460,0,7.1,0
20,4,2531,3,4.8,1
18,4,2523,1,3.1,1
34,4,3540,2,16.2,1
62,6,3933,4,10.8,1
43,3,3917,4,5.8,0
55,1,4794,3,4.4,0
29,2,4136,2,7.7,0
34,8,4932,1,9.0,0
64,7,3420,5,10.8,1
42,3,3219,4,4.7,1
58,10,4172,4,19.7,1
51,6,2827,5,7.6,1
25,8,4870,1,10.5,0
67,8,3074,6,15.1,1
68,4,5336,6,8.3,1
58,6,5549,3,4.4,0
41,6,4166,1,9.4,0
39,5,3467,2,12.4,0
32,7,3549,2,17.3,1
51,4,3830,6,9.3,1
33,1,3985,2,18.1,0
26,1,2734,6,12.3,1
19,5,3112,1,15.2,1
39,10,4946,6,3.5,1
60,3,2663,6,18.2,0
59,6,3890,4,6.6,1
62,2,5212,0,8.5,0
49,7,2770,4,11.9,1
63,2,5369,6,19.3,0
59,5,3966,6,8.9,1
60,9,3812,3,6.7,1
44,4,4711,3,19.3,0
20,10,4909,2,16.7,1
36,1,3966,1,14.3,0
62,1,2757,4,10.0,1
56,2,5502,6,10.1,0
16,3,2527,1,19.2,0
21,5,5202,5,4.2,1
52,10,3845,0,15.9,0
69,3,4095,0,13.2,0
56,4,4871,6,19.5,0
68,1,5415,0,12.5,0
19,8,2966,2,7.8,1
64,6,5015,6,16.3,0
23,1,4549,2,19.8,0
64,5,3641,2,18.4,0
69,3,3819,0,8.0,0
44,5,4891,4,8.9,0
45,3,2934,2,15.8,1
43,8,4068,0,13.2,0
46,1,4738,3,3.2,0
61,6,4171,1,5.4,1
31,8,3888,5,4.5,1
31,1,4113,5,6.0,0
69,10,4085,6,8.2,1
62,8,4991,6,19.4,1
45,3,5044,5,14.5,0
27,5,5347,3,3.9,1
68,7,2723,1,13.3,1
64,6,3490,0,10.4,1
34,8,5217,0,15.8,0
45,9,4489,1,18.0,0
39,4,3668,6,4.1,1
62,2,4448,1,19.7,0
53,5,3935,0,4.0,0
43,6,5251,6,15.5,1
69,8,4230,3,18.4,0
49,3,3886,2,15.8,0
42,10,4433,2,5.6,1
66,1,3089,6,6.5,1
40,6,4889,2,3.7,0
39,5,3129,6,5.2,1
37,7,2573,6,4.0,1
28,3,2658,3,3.9,1
31,10,2705,4,12.6,1
21,1,2812,0,4.3,0
56,9,2657,5,10.2,1
48,5,3433,6,15.1,1
67,6,5478,1,3.3,0
49,4,2817,0,13.9,0
20,4,4595,0,15.9,0
50,5,5200,5,12.1,0
25,4,5008,1,11.1,0
18,1,3622,2,15.4,1
52,5,2663,2,12.0,1
17,5,3642,2,11.7,1
38,8,4364,1,16.6,0
65,5,4848,2,17.2,0
30,6,2939,6,9.3,1
54,5,3434,2,10.1,0
36,5,4364,5,16.6,1
22,8,4717,4,12.3,1
26,7,3463,5,14.7,1
20,10,5049,4,4.3,1
24,5,4985,2,4.6,1
24,1,3616,1,12.0,0
64,6,4161,1,16.9,0
60,4,3981,3,8.4,1
35,1,4573,2,19.3,0
55,9,3498,2,15.9,1
27,7,3521,2,16.3,1
51,7,3811,6,17.2,1
27,7,3169,4,7.3,1
51,10,4300,6,8.6,1
35,7,5470,6,5.0,1
63,8,3583,4,9.5,1
61,8,5169,0,3.6,0
34,8,3938,6,15.8,1
18,8,3013,3,16.6,1
33,1,4038,2,6.6,0
31,5,4048,2,11.3,1
39,3,2575,0,14.4,0
47,9,3985,4,15.6,1
70,6,3007,0,19.5,0
19,6,4962,5,6.4,0
46,6,4178,5,7.2,1
25,7,3442,2,17.5,1
46,8,2508,2,4.7,1
51,3,4270,4,16.4,0
60,10,4683,6,5.3,1
46,8,3814,0,10.9,1
25,3,5306,3,13.1,0
66,7,3108,2,16.1,1
38,5,4839,0,4.9,0
42,4,4036,0,17.0,0
51,9,3473,3,17.5,1
30,3,3393,5,16.5,1
70,9,3894,4,18.9,1
18,7,2749,1,17.8,1
24,9,4517,3,16.1,1
70,8,3767,6,12.8,1
40,7,4609,5,16.7,0
65,2,4097,0,19.6,0
65,10,5530,4,13.8,1
70,7,2756,4,7.1,1
55,4,4028,2,7.2,0
53,3,4162,2,16.5,0
49,2,3273,5,19.8,1
53,4,4584,6,6.6,0
30,2,3622,2,19.5,1
60,9,4866,6,7.6,1
26,5,5359,5,10.0,0
42,7,5146,0,18.4,0
36,9,4461,1,19.4,0
57,10,4725,3,12.6,1
30,5,5179,4,19.2,1
27,1,5540,1,17.3,0
60,7,4744,2,17.7,0
42,10,5330,0,17.8,1
55,4,5492,0,9.6,0
64,2,3045,3,3.5,1
61,8,4053,4,5.8,1
37,7,3607,3,4.3,1
25,2,5444,2,7.1,0
68,1,4806,3,3.9,0
33,6,5246,4,7.7,0
58,2,3583,4,13.0,1
58,2,5113,3,5.4,0
40,4,2751,0,8.4,1
24,5,5411,0,6.8,0
41,9,3212,2,4.6,1
24,5,4129,1,14.5,0
35,9,4720,3,18.2,1
37,7,4802,4,15.2,1
44,4,3157,1,14.6,1
26,6,4221,3,19.7,1
62,2,4144,1,15.4,0
20,10,4906,3,3.8,1
70,4,3494,2,6.7,1
33,10,4867,0,13.8,0
42,7,4410,4,13.9,1
64,3,4851,2,17.2,0
51,5,5213,5,5.7,0
19,2,3828,4,19.7,0
49,7,3839,1,11.8,1
47,1,4968,6,18.6,0
67,7,4923,0,12.0,0
46,2,5217,4,6.2,0
70,2,4206,5,9.0,0
45,3,4472,3,6.8,0
26,1,2683,3,7.5,1
43,9,3909,3,18.1,1
66,10,3263,0,9.4,1
16,10,5145,4,6.1,1
37,8,2879,6,9.2,1
18,3,4913,5,13.5,1
62,8,5094,0,6.4,1
44,8,3955,1,3.9,1
55,3,4571,5,17.8,0
69,9,4297,4,7.1,0
61,10,4636,2,18.9,0
38,4,4626,1,3.8,0
67,6,3284,3,14.1,0
41,9,4633,0,14.3,0
69,3,5295,0,5.7,0
70,10,3464,0,14.3,1
28,4,3450,5,9.6,1
58,10,3407,0,9.5,1
54,3,5326,3,17.9,0
58,8,5250,1,19.2,0
25,6,3578,5,5.9,1
43,4,5404,0,14.6,0
24,5,4860,6,5.6,1
65,3,3746,0,3.6,0
64,7,5057,5,5.5,0
47,10,5331,1,13.8,1
23,6,5192,0,15.3,1
52,3,3959,0,11.6,0
40,7,3171,5,19.2,1
59,5,3018,2,16.0,1
21,10,5064,2,5.7,1
38,3,4771,5,6.5,0
35,6,4697,1,13.1,0
68,5,2642,3,8.7,0
32,9,5492,2,3.0,0
70,2,2853,0,3.4,1
66,7,4299,6,9.9,1
48,9,5417,2,11.9,1
25,4,3250,5,14.1,1
28,6,4104,3,16.0,0
16,3,5104,6,19.5,1
58,5,3325,1,17.3,0
55,10,2815,3,9.1,0
33,4,3989,2,12.1,0
56,3,4964,6,6.7,1
47,6,4292,2,19.5,0
60,5,3872,5,12.1,1
20,8,4480,3,7.2,1
26,1,2660,2,15.3,1
60,10,3579,4,11.3,1
36,8,5221,4,19.9,0
68,9,3700,3,4.3,1
64,5,5492,0,8.7,0
21,5,4204,0,19.0,0
38,4,5395,4,10.8,0
56,9,4442,0,8.3,1
23,1,3798,4,13.3,1
63,6,5356,6,14.3,1
21,3,3336,5,4.6,1
22,7,3716,4,7.4,1
45,10,4739,1,8.3,1
29,7,5211,4,7.2,1
51,1,3099,1,9.5,0
37,4,5578,6,8.7,0
30,1,3834,0,15.4,0
62,5,3550,3,13.2,1
24,2,2898,3,10.3,0
43,7,2584,0,6.4,1
25,6,4227,1,10.2,0
23,4,4373,5,6.1,1
27,9,2790,4,19.2,1
30,8,5301,1,6.0,1
38,7,4186,0,17.6,0
41,4,2665,4,13.5,0
23,3,5108,4,16.8,0
18,6,3111,2,18.1,1
21,8,4585,0,16.7,0
50,9,4596,0,13.0,0
69,8,5012,1,7.5,0
17,1,5009,0,14.2,0
17,10,5555,3,3.1,1
58,3,2768,2,9.4,1
55,1,3631,1,17.6,0
56,6,3627,4,12.9,1
25,5,3666,4,7.4,1
63,2,3240,1,18.2,0
50,3,3224,4,3.3,0
24,3,5491,0,18.0,0
22,5,5286,4,15.9,0
49,8,4615,2,5.5,1
58,7,4220,0,4.1,0
58,1,3974,5,19.2,0
48,2,4614,1,4.1,0
44,7,5173,5,19.6,0
54,9,3821,2,10.2,1
23,1,4166,4,9.0,0
36,4,5327,4,14.1,0
21,2,5325,2,11.4,0
62,5,3212,4,9.6,1
49,4,3240,3,13.9,0
58,2,3133,4,9.0,1
43,10,2584,1,3.6,1
67,8,4652,2,17.0,0
67,6,3829,0,11.7,1
49,8,2598,2,14.7,1
61,4,3133,0,12.8,0
52,10,4149,2,13.4,1
55,5,5090,6,6.7,0
29,4,4555,2,18.9,0
70,6,4152,3,10.6,0
26,6,3077,5,18.6,1
54,7,3394,0,16.7,1
49,9,4923,4,15.2,1
21,3,4898,3,10.8,0
58,8,5191,2,3.4,0
20,2,4133,1,8.4,0
44,3,3346,4,14.3,1
60,5,4058,2,8.6,0
22,6,5278,2,4.7,1
35,7,3060,4,11.8,1
43,2,5125,2,5.6,0
66,9,5585,5,8.2,0
37,6,5041,1,11.5,0
22,6,4542,4,5.0,1
23,8,3768,3,4.9,1
26,7,5149,6,6.6,1
63,5,2998,2,13.1,1
58,5,4855,1,18.9,0
38,3,3745,2,7.1,0
62,6,4059,4,15.2,0
66,3,3935,3,6.2,0
63,7,2530,6,13.8,1
16,5,5558,1,5.3,0
21,3,4566,2,17.4,0
55,5,4360,6,15.6,1
36,10,2812,5,14.6,1
24,6,4914,0,3.2,1
51,4,5480,6,17.2,0
35,5,5025,2,5.6,1
66,7,3272,4,12.1,0
47,2,3062,0,16.2,0
29,6,3638,1,13.7,1
67,1,2570,4,16.9,0
49,9,4209,1,15.1,0
32,7,3920,0,15.9,0
23,2,4058,4,8.1,1
46,5,5568,1,9.4,0
57,9,4530,6,11.5,1
61,10,3792,1,13.0,1
23,2,4928,0,14.8,0
39,3,3646,2,12.4,0
70,2,4848,2,15.1,0
52,4,5391,4,5.6,0
21,9,5315,1,9.7,1
66,8,4108,6,18.5,0
53,3,3956,2,6.7,0
41,4,3732,4,5.4,0
58,7,4155,5,15.7,1
51,6,5402,6,6.3,1
30,5,5209,3,10.8,0
59,5,4380,1,15.1,0
30,10,3375,3,11.2,1
28,6,3667,2,18.3,1
48,8,3262,4,17.9,1
17,10,3078,1,11.6,1
50,4,2528,3,19.3,0
46,8,4899,6,8.0,1
55,9,4789,4,7.0,1
24,3,3055,6,14.4,1
47,3,4631,0,12.7,0
40,2,3012,4,7.3,1
25,7,3357,0,9.3,1
40,8,3301,1,7.0,1
66,8,2902,5,7.0,1
61,4,4759,0,9.2,0
25,8,2631,3,18.7,1
62,1,3756,0,17.2,0
47,7,4012,2,11.7,0
18,5,4289,0,11.1,0
66,9,3099,3,3.5,1
44,10,3961,4,10.9,1
66,6,4959,4,13.6,0
21,7,3660,6,16.2,0
25,10,5445,0,9.1,0
65,4,3832,2,18.6,0
29,2,4908,3,17.3,0
46,6,2853,0,4.4,1
49,4,5139,0,18.4,0
68,7,3987,2,6.8,1
34,8,5571,6,18.7,0
57,6,4671,4,13.7,0
56,4,4796,3,10.0,0
54,6,2960,3,10.4,0
44,5,4258,5,12.6,0
19,2,4787,3,17.3,0
30,8,5011,5,17.2,0
46,4,3666,2,10.1,0
38,6,4247,5,17.4,0
26,10,3037,0,11.0,1
54,2,3840,2,10.1,0
41,5,3975,1,7.1,1
59,2,2600,0,17.1,0
46,5,5341,3,13.5,0
36,4,4493,6,10.3,1
21,10,3067,1,14.3,1
21,4,5282,6,17.6,0
43,7,4643,5,6.4,1
35,2,4648,6,9.7,1
55,5,5392,0,9.5,0
50,9,3752,6,4.3,1
31,7,3600,2,8.7,1
57,3,4412,4,16.0,0
47,10,5254,2,7.3,0
64,9,5020,3,16.8,0
68,5,4938,3,19.2,1
68,10,4869,5,6.8,1
22,2,2608,2,10.0,0
45,4,4022,0,5.2,0
17,10,3602,4,14.8,1
64,10,3621,5,11.2,1
54,9,5153,0,13.0,0
30,2,3730,5,16.2,1
49,3,5094,5,16.2,0
46,7,5314,4,11.8,1
45,1,3910,6,18.0,0
45,10,3026,2,18.8,1
70,10,4665,0,13.7,0
58,9,5175,4,3.7,1
38,10,3758,4,16.2,1
58,3,3105,6,18.2,1
23,9,4113,1,12.5,1
31,3,5540,1,14.9,0
22,2,4102,4,9.1,0
64,3,3889,2,11.5,0
17,8,3863,1,16.6,0
65,10,4773,4,17.9,1
61,7,3557,1,5.0,1
68,3,4761,5,3.3,1
58,7,5558,2,9.4,0
41,6,4894,4,9.6,0
60,6,5378,4,16.1,0
70,4,4947,4,3.1,0
65,2,5115,2,16.0,0
59,4,2621,0,12.1,1
58,9,3594,4,14.9,1
51,5,3347,3,11.7,0
65,1,5175,6,16.4,0
39,4,3212,6,10.4,1
43,5,5500,0,8.9,0
62,6,4665,2,13.8,0
30,7,2884,2,10.6,1
58,5,4618,2,8.2,0
22,2,3562,5,18.5,1
48,5,3420,2,15.3,1
17,1,5581,1,6.3,0
70,6,4959,2,15.6,0
62,5,4866,5,7.3,1
29,4,3466,2,10.3,1
24,7,4553,1,6.7,1
51,8,3563,5,4.9,1
65,3,4369,0,9.8,0
33,6,3736,3,12.4,1
68,6,4389,0,8.1,0
41,6,4808,4,4.3,1
40,5,3476,6,7.2,1
34,3,2536,3,7.2,1
30,2,2800,6,13.0,0
34,1,5310,6,7.8,0
25,1,5474,5,12.1,0
36,9,4645,1,11.0,0
31,1,2831,0,7.5,0
19,9,4318,0,15.6,0
35,9,3840,2,14.3,1
18,3,3235,2,14.6,1
25,5,3675,1,10.4,1
55,4,4935,6,8.4,1
17,4,5588,5,13.0,0
33,4,5205,4,19.3,0
53,4,3131,4,10.4,1
17,7,4054,4,14.3,1
56,5,4137,6,10.5,1
20,2,3406,2,18.9,0
19,4,3848,0,7.5,1
26,10,3679,2,10.8,1
63,10,2715,1,11.4,1
18,1,3790,6,15.4,1
21,6,3628,3,15.3,1
68,10,3448,2,15.6,1
49,2,4402,0,15.5,0
47,1,4707,4,11.0,1
18,3,2645,4,5.6,1
37,4,3560,5,17.8,1
47,10,2595,0,8.5,1
45,3,5045,4,4.9,0
44,4,5374,2,5.2,0
22,3,3937,1,11.4,0
70,4,5429,1,10.2,0
54,10,4449,2,14.3,1
29,1,5194,5,13.4,0
69,5,5438,0,4.8,0
32,7,4319,6,8.0,1
23,2,3882,6,18.2,0
65,1,4800,6,16.0,0
24,10,3028,5,17.8,1
19,3,3419,2,3.4,0
50,3,4204,2,18.5,0
30,4,3124,0,17.6,0
24,1,4039,6,10.7,0
21,2,5153,5,14.5,0
22,1,4926,1,7.6,0
68,6,5262,6,14.2,0
52,5,5166,0,16.6,0
62,3,3530,5,11.2,1
50,10,4709,0,3.5,0
45,4,3653,5,10.1,1
27,1,5511,6,15.3,0
69,1,3047,6,15.0,0
61,8,3334,1,11.3,1
45,6,5418,1,19.8,0
21,3,3241,0,5.0,1
57,3,4420,5,5.7,0
34,3,3402,1,7.4,1
27,5,3381,2,16.7,1
56,8,4579,2,16.0,0
62,7,4964,2,16.1,0
49,8,3220,3,18.0,1
20,1,5546,2,10.5,0
49,6,2774,1,8.4,1
66,8,2810,2,13.2,1
53,3,5530,5,10.0,0
30,6,2671,0,11.9,1
51,1,3475,6,5.4,1
29,10,2875,2,9.7,1
64,8,3189,2,11.0,1
62,7,2729,3,4.5,0
47,6,3612,6,19.9,1
23,7,3416,5,3.6,1
38,5,2991,5,18.6,1
22,10,4727,1,4.4,1
58,3,2610,6,17.6,1
53,9,3970,4,12.3,1
30,8,3446,0,6.3,1
63,9,4515,2,6.9,0
57,1,3547,5,9.0,1
67,5,3965,3,16.5,0
31,7,5014,4,5.5,1
25,7,2947,2,7.1,1
42,7,3850,0,14.8,0
30,7,4242,6,13.4,1
56,3,4783,5,10.2,0
39,9,4163,1,4.0,1
50,5,4780,1,12.5,0
25,10,4967,3,6.9,1
20,6,4945,5,13.4,1
67,6,4407,0,7.7,1
40,6,5347,4,19.7,1
23,9,2570,5,13.0,1
60,10,4045,3,12.7,1
23,6,4986,0,17.2,1
70,6,2822,0,19.9,0
37,1,5036,1,16.2,0
41,1,2619,6,13.1,1
30,8,4938,3,17.7,0
20,4,3079,1,6.1,1
38,5,4569,6,16.0,0
36,7,5070,5,14.6,1
40,3,5024,1,12.6,0
42,4,4280,4,17.7,0
50,1,5316,2,15.1,0
20,8,2934,0,15.2,1
35,6,3233,0,18.5,1
63,2,2911,3,14.9,0
68,6,4730,5,7.3,1
45,2,5263,6,6.1,0
36,8,5384,4,11.7,1
38,3,4112,6,7.0,0
59,3,2909,1,14.9,0
37,9,3032,1,17.3,0
67,8,4441,0,8.0,1
17,7,5279,1,18.5,1
49,7,5562,5,15.7,0
44,6,4734,1,19.8,0
40,2,5230,3,6.4,0
42,4,3981,5,10.8,1
24,10,3107,6,13.9,1
35,10,3941,1,16.0,1
35,8,2808,1,18.5,1
52,9,4585,0,18.2,0
48,9,3521,0,7.0,1
38,4,3548,2,10.2,1
44,8,2509,2,15.2,0
47,8,5599,6,5.2,1
18,2,3824,3,19.3,1
64,10,4932,2,15.7,1
65,5,4110,3,17.1,0
36,4,4486,5,18.4,0
57,5,3950,2,6.0,0
37,4,4631,1,10.2,0
19,4,3119,2,14.1,0
63,6,5587,4,17.0,0
30,10,3826,2,15.5,1
35,5,2533,4,5.1,1
47,3,5452,2,14.0,0
40,8,2570,6,8.0,1
30,3,3964,6,9.9,1
60,6,4933,5,19.9,0
35,3,3648,5,5.7,1
48,3,3149,0,4.8,1
52,3,3245,4,10.0,1
67,4,4624,2,17.7,0
42,10,4278,5,5.8,1
41,7,4060,0,4.4,1
66,7,4094,1,10.1,0
42,1,3487,1,13.7,1
32,1,5398,3,5.6,0
18,4,3217,6,16.7,1
33,9,5096,6,17.4,0
26,1,4907,3,11.9,0
32,8,2520,0,3.5,1
45,9,3030,6,11.8,1
44,3,4212,4,6.6,1
26,2,2992,0,10.6,0
41,2,5142,4,15.9,0
40,1,3869,6,3.9,1
18,9,5094,6,3.0,1
31,8,2869,6,5.3,1
55,7,2574,6,3.8,1
17,1,4488,4,7.4,0
32,10,4986,4,9.9,1
42,7,5575,0,16.3,0
25,9,4941,4,3.5,1
51,4,4818,6,9.0,0
55,2,2679,5,18.8,0
34,9,4370,6,12.8,1
28,1,4712,1,17.1,0
58,2,3723,1,11.2,0
27,2,5597,6,4.7,0
24,1,5562,6,6.2,0
17,6,5153,3,15.9,0
21,3,5227,6,17.7,0
63,10,4260,4,10.9,1
67,10,5043,1,11.4,0
46,2,2720,3,10.7,1
66,9,3213,2,3.3,1
54,1,4558,5,4.6,0
38,3,2883,2,19.9,0
55,7,5020,1,3.7,0
39,3,3051,3,8.9,0
68,1,3582,3,14.7,0
62,2,3301,6,10.2,0
62,7,4177,0,19.7,0
45,3,2753,6,3.6,1
44,3,5017,1,17.9,0
22,3,5254,1,5.3,0
51,9,4815,2,6.5,1
22,9,3074,3,12.0,1
45,9,3400,6,17.8,1
23,1,3202,3,10.0,1
42,3,4366,1,8.0,0
58,9,5253,3,9.8,0
32,6,5225,6,4.6,1
49,1,5470,5,17.2,0
30,3,4637,1,18.6,0
32,9,3187,4,14.5,1
26,9,3734,5,10.6,1
24,5,3411,1,13.4,0
36,2,2697,3,12.4,1
22,1,4980,2,3.9,0
65,3,4292,1,9.7,0
56,8,5507,6,14.2,1
28,9,5107,2,17.4,0
64,3,4513,2,9.1,0
36,10,2635,0,16.9,1
45,9,3872,3,15.9,0
54,10,3972,4,18.8,1
58,8,4591,6,19.8,0
16,6,4257,5,3.7,0
31,10,4918,6,10.4,1
34,7,2568,6,16.2,1
48,9,2849,4,17.0,1
63,5,5453,6,4.4,0
40,3,3849,2,13.3,0
41,6,5050,5,18.3,0
20,5,5157,4,6.9,1
44,4,2873,3,8.9,1
42,7,4686,4,9.7,0
51,7,3039,5,9.7,1
62,4,2976,2,12.5,1
47,3,3257,5,4.0,1
18,6,4841,0,16.2,0
60,4,2788,2,5.1,1
42,3,4569,2,16.8,0
42,3,3681,5,3.3,1
64,7,3320,3,16.4,1
48,5,3243,6,9.0,1
59,4,3566,6,14.1,1
64,2,3582,3,6.0,0
43,1,3474,5,12.1,1
70,7,4106,1,8.1,0
25,10,5579,0,3.1,0
63,4,3899,3,15.3,0
62,9,3069,2,5.2,1
21,7,4396,5,19.0,1
24,4,5071,3,12.2,1
18,6,4359,0,3.0,1
31,2,4144,3,19.1,0
70,4,4573,2,5.3,0
22,8,5229,0,17.2,0
17,9,2737,3,8.6,1
41,3,5543,6,12.7,0
35,10,5268,6,17.2,1
50,7,5479,6,3.9,0
49,3,4044,6,14.6,1
61,8,5148,6,5.5,1
38,9,2753,0,15.2,1
41,3,3782,2,5.7,0
17,2,5226,3,3.4,0
69,3,3340,5,5.6,0
27,8,4867,2,13.6,1
48,1,3490,4,19.8,0
64,3,4326,5,19.5,0
49,4,4524,3,15.7,0
50,1,5221,1,17.0,0
25,6,3559,0,17.9,1
54,9,4941,3,12.0,0
26,2,3848,1,6.9,0
54,9,3719,4,14.2,1
47,10,2747,1,5.4,1
42,9,2736,6,17.2,1
55,8,4890,6,10.0,0
55,5,2824,5,7.5,1
27,3,2845,4,17.3,1
36,10,3074,0,4.9,1
42,6,3544,6,19.6,1
24,5,3004,0,19.2,0
35,4,4330,3,13.3,0
18,3,5048,5,15.1,1
40,4,4146,0,3.6,0
27,8,4561,3,10.4,1
28,6,5268,3,18.0,0
61,4,5272,1,3.2,0
23,2,4541,0,7.9,0
22,5,2711,6,9.0,1
33,3,4946,6,14.5,0
17,4,4848,0,15.0,0
63,2,3440,1,4.1,0
70,10,3003,2,6.7,1
60,2,2909,1,17.0,0
59,2,3356,0,6.3,0
21,7,4804,3,7.9,1
46,4,5432,3,5.8,0
20,10,2976,5,15.8,1
32,5,3786,2,3.5,1
43,7,5085,3,8.1,0
53,9,2766,2,12.0,1
31,10,5423,0,3.1,1
30,9,2556,5,19.2,1
61,6,3377,5,17.8,1
28,9,2600,4,14.0,1
42,3,4859,0,10.5,0
31,9,3823,4,5.6,1
62,9,3855,4,12.4,1
45,4,4194,3,7.1,0
21,1,3426,4,13.8,0
24,7,4846,0,5.5,1
69,2,3836,1,15.2,0
67,1,4967,0,8.5,0
58,10,4504,3,11.5,1
20,6,4592,6,5.8,1
56,7,5563,0,7.4,0
52,9,4070,3,10.7,1
67,10,3430,1,10.8,0
42,10,4756,6,20.0,0
41,2,4688,4,8.7,0
50,4,3998,1,4.4,1
24,8,3538,1,11.9,0
56,1,5383,4,8.5,0
43,3,3279,0,17.9,0
26,6,2744,0,6.6,1
60,4,4458,4,17.5,0
30,2,2752,5,14.3,1
63,9,4859,5,6.2,1
31,5,5110,1,9.9,0
42,5,4723,6,11.4,0
40,7,3232,1,11.9,1
56,7,5422,6,9.8,1
26,5,2774,2,12.9,1
29,9,2832,3,15.2,1
26,3,3442,6,11.6,1
28,9,4176,2,13.2,1
40,9,4701,4,17.6,1
48,1,3401,4,11.5,0
63,8,5338,0,10.1,0
39,2,5032,5,7.2,0
38,5,3215,2,5.2,1
24,10,2692,3,8.0,1
21,2,4675,2,9.9,0
57,6,3044,6,16.0,1
50,8,3373,3,6.7,1
45,5,4893,4,14.9,0
40,1,3086,3,4.3,0
44,1,3599,2,5.7,1
62,6,5374,4,8.5,0
26,1,4613,5,11.0,1
43,1,4422,0,6.1,0
29,10,5595,1,4.9,1
21,6,4888,1,12.6,0
54,5,3925,6,10.0,0
54,2,4560,4,10.1,0
62,8,4152,2,8.2,0
17,6,3626,1,9.3,1
25,3,5523,4,6.1,0
47,8,4339,3,7.6,1
60,3,4813,4,12.2,0
67,6,3770,5,11.9,1
59,6,3109,0,18.4,1
65,3,2879,4,17.2,0
60,9,4993,5,3.1,1
33,8,4115,1,6.9,1
47,3,4099,2,18.1,0
50,2,2875,4,8.4,1
35,4,4940,2,11.1,0
64,5,3317,6,14.5,1
58,6,4355,0,12.2,0
44,5,3585,1,3.1,0
42,1,3204,5,6.5,1
59,7,3005,4,4.7,1
28,4,5024,6,5.8,0
28,4,2794,0,5.5,1
38,6,2506,0,13.6,1
23,9,3450,5,9.9,1
41,1,5252,5,4.1,0
39,10,4676,5,4.4,1
43,7,5037,6,19.2,1
41,6,3134,1,5.6,1
65,1,5507,0,7.3,0
31,8,2864,2,12.8,1
38,8,2610,6,6.2,1
56,6,3978,3,6.4,1
31,9,3856,0,4.2,1
52,9,3402,5,19.7,1
68,9,3024,5,13.3,1
36,4,3495,0,12.0,0
29,7,3659,3,18.1,1
26,1,4364,5,13.1,0
16,6,3615,6,7.5,1
31,2,3257,4,11.0,1
62,4,4352,2,11.1,0
30,7,4306,6,9.8,1
68,5,3856,2,15.8,0
68,9,2841,4,4.9,1
53,1,5493,5,5.7,0
69,10,4110,3,9.3,1
38,8,3361,4,4.2,1
68,5,4749,5,19.8,0
45,1,3798,4,11.4,0
20,1,3008,2,3.9,1
61,5,4672,4,13.3,0
68,6,2787,2,16.3,1
64,6,3357,4,9.9,1
38,3,4554,0,11.2,0
21,7,4743,0,14.9,1
48,7,5572,3,7.0,0
63,4,4697,0,13.2,0
62,4,3218,5,13.7,1
49,5,4707,1,16.7,0
59,8,4829,3,18.1,0
17,6,4592,1,19.0,0
50,2,4812,6,5.1,0
21,10,5034,5,16.9,1
57,3,4261,0,14.5,0
18,7,5584,2,9.3,0
48,1,4497,6,18.7,0
68,3,2671,3,17.6,0
22,6,3034,5,16.2,1
39,9,4041,0,4.0,1
18,6,3849,3,6.0,1
55,1,5020,6,18.6,0
66,10,4584,1,19.7,0
16,3,2500,0,7.7,1
46,4,3912,5,7.7,1
59,2,4189,0,13.4,0
17,7,5540,2,4.3,0
42,5,4545,5,13.1,1
23,3,3059,6,19.5,1
66,7,3094,0,8.0,1
44,2,3479,3,15.6,0
44,6,3742,5,11.9,1
70,7,2836,2,7.9,1
59,9,4947,2,10.0,1
33,7,2710,3,12.4,1
50,6,2706,5,15.9,1
32,1,2894,0,12.2,0
44,3,2918,0,18.7,0
60,6,4248,0,5.0,1
68,6,5036,2,19.3,0
68,6,5421,1,12.4,0
43,8,5008,3,9.7,1
65,10,4625,2,4.3,1
65,6,4330,4,8.0,1
46,2,3459,2,10.4,0
17,5,3790,5,18.9,1
22,3,5204,2,15.9,0
52,6,2827,1,4.0,1
61,6,5058,6,8.6,1
66,6,5015,4,11.4,0
29,6,2678,0,17.5,1
65,4,3249,1,16.2,0
61,2,3461,0,6.7,0
42,9,5330,5,3.9,1
36,5,3860,4,5.3,1
41,3,4905,6,11.6,1
53,10,4362,2,4.5,1
60,1,2750,0,7.2,1
25,4,4567,3,17.0,0
34,8,4470,0,9.8,0
22,5,5199,1,19.9,0
67,9,5353,5,15.9,0
38,4,4320,2,7.5,0
29,7,5225,6,3.1,1
27,5,2932,3,12.0,0
20,5,4401,4,15.0,0
41,5,4290,5,11.0,1
58,10,3033,3,18.4,1
33,8,4170,2,16.1,0
38,4,4608,5,11.8,1
51,5,3787,5,3.3,1
35,5,4565,2,8.8,1
56,8,4810,5,11.4,0
33,6,4325,6,7.3,1
40,6,3734,1,17.2,0
69,5,3323,5,10.2,1
61,4,4548,0,6.5,0
47,6,5290,6,16.2,0
37,9,3931,6,13.3,1
70,10,4057,5,6.4,1
41,1,5327,2,12.1,0
34,3,3421,6,14.8,1
48,7,5003,3,10.6,1
38,2,3291,0,8.1,0
64,7,3299,5,14.7,1
27,5,3371,6,14.7,0
18,2,2663,2,3.3,1
39,6,3929,1,7.0,0
68,6,3596,3,14.0,0
19,8,3215,2,6.8,1
60,9,4845,4,19.4,1
16,10,4103,2,5.8,1
46,5,3106,1,15.7,1
40,7,3095,1,20.0,1
24,8,5009,4,8.9,1
57,10,3339,3,13.3,1
25,7,3723,0,4.8,1
40,3,2870,3,13.6,1
46,4,4993,5,19.8,0
44,3,3607,1,19.5,0
17,2,4685,1,10.0,0
40,4,3758,2,17.0,0
52,5,4985,6,17.1,0
44,8,3751,2,8.6,1
56,3,5276,5,17.0,0
58,2,4747,4,5.8,0
25,2,3990,6,19.6,1
60,2,3998,4,17.7,1
65,5,4423,2,11.7,0
62,5,4648,5,9.6,0
62,4,4690,0,19.1,0
27,4,2602,5,4.2,1
51,5,3321,1,11.5,1
41,7,3853,4,11.3,1
70,1,4164,4,9.5,0
61,9,2778,1,4.9,1
24,4,3118,3,7.3,1
67,2,3932,3,19.7,0
54,2,3885,5,16.7,1
45,6,4407,3,17.3,0
40,6,2715,0,11.7,1
43,1,4969,0,14.3,0
58,5,3433,4,11.6,0
58,3,4205,6,14.5,0
46,10,5436,3,17.7,0
70,4,3676,0,7.1,0
28,10,3472,1,19.2,1
39,6,3319,6,18.5,1
48,10,4522,4,10.1,1
25,6,5468,0,19.6,0
43,2,4235,1,18.0,0
61,7,3114,5,3.7,1
53,5,5432,4,3.7,0
55,9,2631,2,15.0,1
24,4,3772,4,16.3,0
23,2,2890,6,7.2,1
40,2,2602,6,11.5,1
33,8,5592,5,12.2,1
16,3,2763,2,10.6,1
46,7,5308,0,4.2,0
57,2,4189,2,6.7,0
56,1,3492,0,16.8,1
21,8,5174,3,4.2,1
58,4,2511,4,13.6,0
36,6,4640,2,13.8,0
24,1,4878,1,19.3,0
41,2,3628,3,19.8,1
27,1,3431,0,19.1,0
53,3,2528,1,12.2,1
56,3,2568,6,3.7,1
55,4,2636,6,7.7,1
22,3,3915,4,11.1,1
35,5,4145,2,3.7,0
43,10,3814,0,3.6,1
70,1,4677,4,8.5,1
46,9,3621,3,9.6,1
51,5,4950,4,12.9,0
34,6,4525,1,18.9,0
32,7,5404,5,9.7,1
59,8,4750,5,3.8,1
61,10,2896,2,12.2,1
19,10,4233,0,9.1,1
45,1,4537,3,18.3,0
58,5,2543,2,10.3,1
24,6,2636,5,8.5,1
51,6,2569,1,15.3,0
42,10,3031,0,11.4,1
43,7,5233,6,12.4,1
48,5,3244,1,5.6,1
63,10,3077,0,9.4,1
20,8,3882,5,3.8,1
27,8,3733,5,15.8,1
34,7,5579,1,7.2,0
60,1,2820,3,5.0,1
48,10,5106,4,13.0,1
26,8,3210,5,12.9,1
17,2,3460,2,8.4,1
70,3,4004,1,19.4,0
23,4,5523,0,13.8,0
17,3,3230,5,18.7,1
38,7,3566,5,8.1,1
46,6,4543,6,12.4,1
30,3,4577,5,10.0,1
25,7,3638,1,10.0,1
20,3,2906,1,3.8,1
38,2,4944,1,6.7,0
68,10,5291,3,17.8,0
24,4,4366,6,17.4,1
47,3,5205,4,4.8,0
26,8,3287,3,3.3,1
53,8,5178,5,4.7,1
19,2,5005,5,13.9,1
27,1,5297,2,7.1,0
16,9,5389,5,16.0,1
51,6,3570,0,3.1,0
55,5,2872,2,15.2,0
25,5,4821,1,18.1,0
40,6,4575,1,3.8,1
32,7,4507,1,17.7,0
18,1,4455,2,18.6,0
18,3,2626,5,12.1,1
67,10,4576,4,7.8,1
51,2,4000,3,12.6,0
52,10,2596,3,8.3,1
32,5,5152,1,18.9,0
30,2,2587,5,12.2,1
59,6,3223,5,16.6,1
40,7,3413,3,13.4,1
21,4,4926,5,7.9,1
42,8,2748,5,11.5,1
44,1,3691,5,18.0,0
47,2,3634,0,9.5,0
45,7,3785,0,8.8,0
63,6,5204,3,19.3,0
29,7,3508,0,8.7,1
48,9,3598,0,17.6,1
64,10,3767,0,6.0,0
69,6,3717,0,16.5,0
69,6,5457,2,13.5,0
55,10,3329,2,5.0,1
21,10,2851,5,4.1,1
70,1,3806,6,8.1,0
17,6,2759,1,14.2,1
46,10,4972,2,9.1,1
40,1,5265,3,7.6,0
53,10,5075,1,12.9,0
59,8,4995,2,19.2,1
56,2,3805,4,5.1,0
28,7,4664,2,14.0,0
57,5,3730,4,18.5,1
57,4,5149,0,12.2,0
17,7,3104,3,19.4,1
51,8,2936,2,13.2,1
23,9,5524,2,14.4,1
46,5,3617,3,16.5,0
28,2,3464,2,6.4,1
35,9,4572,5,12.5,1
30,4,3562,1,13.4,0
63,8,4816,6,5.0,1
65,8,3832,2,10.7,0
59,1,4930,3,16.1,0
55,5,2749,1,3.7,1
35,1,4755,6,10.0,1
23,7,3518,4,5.5,1
47,8,3811,5,6.0,1
39,6,5384,6,11.7,1
31,4,3994,6,3.5,1
29,10,2730,1,10.2,1
24,1,3921,2,3.4,1
61,2,3245,1,18.7,1
33,4,3971,3,18.0,0
66,10,3175,6,6.6,1
52,9,4493,5,4.1,1
25,6,3228,3,7.3,0
19,10,3942,3,3.5,1
38,10,5459,5,15.5,1
20,6,4477,3,12.8,1
68,2,4696,6,12.2,0
65,9,4894,3,17.5,0
52,7,5351,4,16.8,0
32,2,5247,4,10.0,0
63,9,5158,5,13.4,1
51,4,3557,3,10.5,1
35,8,4436,2,13.6,1
64,3,5036,2,5.6,0
27,1,4235,6,8.1,1
47,5,2894,0,7.3,1
54,5,4078,4,5.8,1
65,9,3170,6,10.0,1
23,2,4637,0,15.4,0
31,10,5164,4,9.7,1
62,2,4675,4,19.7,0
43,10,4207,2,8.1,1
57,8,4358,0,19.1,0
58,4,4169,4,6.3,1
32,10,3891,3,8.5,1
34,4,3203,5,5.8,1
43,7,4593,0,7.0,1
17,1,3583,6,5.7,0
59,2,2985,4,13.6,0
22,4,4980,3,6.4,1
67,3,4209,3,4.4,0
58,3,4113,6,7.5,0
35,4,4109,3,14.5,0
19,7,2741,4,10.3,1
59,2,4157,4,5.7,0
40,8,4185,2,4.1,1
26,9,4083,1,15.4,1
39,9,2521,5,15.0,1
65,2,4825,2,10.8,0
53,9,4403,0,12.0,1
53,2,4848,3,7.1,0
44,2,4061,0,11.3,0
24,8,3521,3,15.4,1
68,8,5082,4,16.1,1
56,2,3587,6,8.8,0
44,5,3905,4,14.5,0
55,5,2551,2,11.3,1
35,8,3004,4,15.6,1
56,6,2851,4,14.7,0
69,7,3812,5,15.8,0
34,1,3313,6,5.8,1
16,10,3530,0,8.5,1
56,6,4873,5,7.5,1
62,7,4617,5,10.6,1
61,5,4973,2,10.9,0
69,3,5029,2,14.3,0
35,7,3268,2,12.7,1
66,3,4408,2,12.9,0
27,3,5196,6,13.8,0
48,6,3444,2,7.6,1
64,4,3664,3,6.8,0
66,9,4147,4,6.7,1
50,7,4973,1,16.3,0
46,4,2956,4,4.7,1
41,1,3947,3,8.4,0
63,4,3251,1,7.8,1
64,2,4709,1,13.1,0
29,3,3249,0,18.7,0
23,3,3604,4,17.9,1
60,7,3573,5,4.8,1
60,2,2718,6,12.2,1
21,2,4571,4,3.6,0
42,1,3287,6,16.5,1
43,10,4021,6,9.4,1
18,10,4660,4,6.7,1
52,3,4939,2,11.2,0
69,5,5345,6,10.4,0
27,4,2890,4,19.0,1
58,6,4447,5,3.6,1
20,6,3517,1,19.1,0
27,3,4883,6,7.0,0
47,7,3705,3,5.5,1
66,1,2543,6,15.6,0
64,7,5153,2,11.9,0
67,8,4856,6,18.2,0
70,1,3524,4,12.2,0
60,8,5090,1,11.6,0
35,8,3772,1,6.5,1
22,10,3779,1,19.1,1
61,9,3429,2,14.3,1
26,1,4031,0,13.2,0
44,1,5582,3,16.4,0
57,2,2662,4,4.7,1
17,6,4339,5,17.7,0
66,8,3041,6,11.5,1
32,7,2883,5,16.6,1
27,4,2675,6,15.1,1
36,3,3347,4,10.7,1
41,1,4767,5,16.1,0
40,4,4782,5,15.3,0
24,4,4979,5,3.1,0
26,4,2950,2,15.1,1
42,1,2836,3,11.6,0
28,3,5544,6,17.3,0
51,9,5356,3,16.8,0
65,3,4670,4,5.9,1
17,9,5102,4,3.4,1
17,1,4993,1,6.3,0
51,7,4286,0,15.6,0
17,2,3974,4,17.8,1
51,4,5532,5,14.9,0
42,10,4596,4,16.9,1
41,8,5235,4,13.0,0
49,6,3142,0,11.6,0
65,7,3190,1,19.5,0
23,7,4452,5,4.4,1
23,8,5457,4,10.2,1
54,6,4423,1,7.7,0
18,6,3873,4,5.1,1
39,1,2577,0,13.3,0
43,10,2980,5,7.5,1
37,6,3215,0,10.9,1
45,3,3120,5,5.3,1
22,2,4677,1,9.6,0
30,7,4621,1,6.4,1
16,8,3676,6,18.2,1
68,9,5561,5,11.9,0
61,9,3720,2,16.6,1
29,9,3880,1,11.3,1
17,7,4131,0,3.7,0
30,10,4276,2,14.8,1
68,1,3092,4,3.8,1
60,4,3430,3,9.7,0
52,5,4633,6,12.3,1
66,7,5120,5,16.3,1
25,3,3812,1,18.3,0
45,3,2856,6,6.5,1
59,10,5139,3,14.3,1
17,7,4304,0,11.0,0
39,7,3852,5,16.0,1
35,2,4317,5,19.0,1
25,6,5050,2,12.1,1
28,5,2503,6,7.9,1
69,7,3616,6,16.6,0
44,10,5415,6,12.0,1
20,3,3432,6,18.0,0
53,9,5520,1,12.6,1
48,7,3372,3,18.9,1
37,5,3949,1,3.3,1
37,10,2716,4,15.6,1
45,2,4749,3,8.9,0
67,7,3242,6,14.4,1
57,4,5131,6,19.0,0
38,7,2902,2,14.1,0
29,2,2861,2,15.7,0
21,8,3954,0,5.7,0
26,1,2762,3,5.9,1
23,4,3520,2,12.7,1
60,10,4636,6,10.3,1
47,7,4064,5,4.9,1
18,5,4234,3,15.4,0
66,4,2781,3,14.9,1
24,1,4606,4,4.6,0
51,2,2782,6,3.8,1
16,8,4273,6,9.4,1
48,3,4951,2,13.8,0
46,1,4751,2,18.2,0
65,5,3593,4,10.4,1
49,4,2980,1,4.4,1
42,10,5074,0,17.3,1
45,3,3168,1,5.1,1
50,3,4036,2,13.8,0
38,2,3234,4,10.0,1
55,2,2592,5,18.5,1
45,6,3791,1,15.0,1
69,3,4205,0,3.0,0
26,8,4854,1,9.3,0
56,9,4749,6,6.1,1
61,5,5077,1,7.8,1
55,3,5023,3,9.8,0
69,9,3744,3,12.2,1
39,10,3557,1,16.6,1
45,10,4366,5,4.5,1
24,10,3986,0,10.5,1
36,9,3415,3,17.5,1
24,8,2598,2,10.3,1
59,10,3974,5,11.8,1
59,4,3954,1,16.2,0
26,10,5416,6,15.1,0
60,1,5018,5,11.7,0
33,9,3334,5,19.4,1
56,4,2842,3,3.6,1
67,3,4942,4,3.9,0
61,7,4010,1,10.3,0
26,2,2630,0,5.7,1
25,10,4836,5,6.7,0
22,8,3570,3,5.6,1
62,1,3030,2,14.8,0
46,9,4542,1,10.2,0
24,2,4934,4,17.2,0
48,9,4905,3,7.3,1
45,9,3350,4,13.6,1
48,7,4335,6,6.6,1
50,7,3944,5,3.2,1
25,9,5194,2,14.7,1
37,9,3088,1,5.5,1
55,8,5044,1,14.8,0
66,2,3573,3,14.7,0
29,7,4414,5,14.4,1
47,3,4056,1,13.1,0
68,1,3579,6,18.0,0
49,2,3217,3,4.3,0
28,5,3627,5,18.8,0
48,10,4382,2,4.1,1
16,1,4406,0,11.4,0
42,1,4432,3,18.7,0
47,1,4535,3,7.6,0
19,2,2658,3,17.2,1
27,6,3723,2,13.1,1
70,9,3476,4,17.6,1
50,1,3732,4,3.8,0
41,9,3685,1,12.5,1
28,10,3048,4,6.2,1
22,1,5491,2,3.3,0
39,5,2500,5,14.7,1
46,9,4346,3,15.7,1
25,7,3930,1,15.5,1
60,2,4680,1,15.4,0
39,2,5075,6,16.6,0
19,5,4511,5,11.0,1
23,9,4876,1,8.9,1
63,10,3348,3,16.1,1
34,5,5581,0,14.3,0
36,6,2770,5,6.4,1
26,6,4575,5,10.4,1
60,5,2954,5,6.1,1
60,7,3225,3,16.2,1
29,3,5058,1,7.2,1
56,6,4599,3,13.6,0
40,7,4463,3,15.5,1
25,6,5068,2,19.9,0
59,10,3363,2,10.4,1
20,8,4487,0,17.8,0
64,8,3125,3,14.3,0
17,9,3993,1,3.1,1
33,6,3755,5,9.7,1
28,4,4417,5,9.7,1
28,6,2701,4,5.0,1
42,10,2579,1,10.4,1
57,9,2598,4,5.0,1
37,4,3321,6,17.2,0
44,5,4285,4,9.2,1
69,3,2988,5,6.1,0
43,1,5572,6,13.2,0
59,4,3781,5,17.6,0
37,2,3439,1,18.9,0
20,4,5268,6,18.2,0
30,1,3043,5,18.0,1
24,4,3082,5,8.9,1
65,8,3680,1,11.6,0
17,9,2720,3,9.3,1
61,9,4612,6,18.7,1
23,6,4908,6,4.6,1
24,6,3596,0,12.4,1
45,10,5190,2,7.2,0
20,6,2522,4,17.5,1
20,1,4147,0,8.8,0
58,10,4763,1,17.7,1
19,7,3667,4,18.8,1
48,7,5434,4,5.9,1
22,1,3834,0,15.8,0
20,5,5345,2,8.9,0
52,5,4542,4,9.9,0
37,9,3215,6,7.7,1
17,4,5076,6,13.5,0
53,4,2595,2,8.8,1
69,7,3087,4,15.6,1
46,1,4917,3,16.2,0
36,8,5297,1,9.7,0
62,1,3702,3,3.1,1
34,3,4537,0,4.1,0
49,5,4662,0,7.7,0
42,2,4788,2,19.2,0
55,1,5307,1,9.7,0
44,5,2769,1,15.7,0
42,8,3096,0,18.9,1
39,3,5346,3,8.8,1
32,3,4188,0,12.5,0
42,7,4137,5,17.5,0
19,10,3749,0,13.5,1
34,6,3622,4,4.9,1
20,6,3258,1,16.1,0
33,9,3736,4,18.4,1
35,1,2727,0,16.1,0
17,10,3408,3,15.8,1
32,5,5580,4,15.8,0
52,4,3005,1,13.4,0
69,7,4769,0,7.2,0
49,10,2607,4,18.5,1
55,10,4774,4,5.2,1
52,8,3319,2,17.1,1
67,5,4677,0,9.1,0
67,2,4039,2,14.5,0
22,2,4904,1,16.7,0
42,9,4566,4,16.6,1
65,2,4230,2,5.7,0
64,5,4773,2,13.4,0
45,5,5494,1,6.6,0
40,8,4346,1,4.9,1
19,4,3039,5,11.7,1
42,8,2859,3,19.8,0
43,6,4197,3,19.7,1
50,9,3837,2,12.7,1
44,2,4386,0,16.1,0
27,8,4568,5,7.2,1
69,8,3079,5,6.8,1
27,9,4803,0,15.0,0
37,5,5573,6,16.4,0
44,4,3505,5,15.6,0
32,6,5379,5,4.8,0
19,10,5378,3,9.1,1
49,2,3797,4,3.8,0
29,7,4965,0,16.4,0
64,3,5390,4,8.3,0
59,8,5140,0,10.3,1
39,5,3704,6,12.8,1
41,9,4566,6,3.0,1
68,2,4336,1,9.0,0
17,2,3782,3,15.4,1
36,10,4482,4,7.9,1
19,4,5395,5,12.7,0
23,1,2580,3,19.6,0
66,9,5294,6,5.0,1
21,5,3640,2,7.6,1
68,10,5068,2,14.6,0
59,5,2834,5,13.2,0
51,8,5262,3,19.6,0
56,6,3888,0,3.6,1
26,5,5341,4,17.9,0
22,5,3826,1,11.3,0
36,3,4813,5,6.9,0
58,8,4347,5,11.6,1
32,6,3121,2,10.0,1
25,1,3272,5,6.0,1
59,4,4169,6,6.7,0
50,5,4008,5,7.9,1
45,9,4409,4,12.4,0
38,5,5001,6,4.4,1
58,6,4897,6,4.5,0
56,1,2681,3,8.6,1
35,4,4034,0,15.0,0
23,3,2959,4,19.6,1
63,5,4089,3,3.2,0
23,9,4161,2,19.5,0
39,10,5586,1,14.7,0
65,3,3703,5,18.3,0
38,7,3901,6,12.1,1
61,10,4085,4,10.9,0
42,3,2903,1,16.3,0
56,5,2685,0,12.4,0
48,6,4700,4,18.3,0
31,1,3431,1,18.2,0
65,5,3623,0,12.0,0
41,2,5575,1,12.8,0
41,4,3270,1,10.8,1
52,2,5302,2,14.7,0
67,8,4448,2,14.6,1
63,9,3321,1,14.1,0
37,3,5458,5,4.1,0
28,1,4428,5,19.4,0
33,5,3469,1,8.7,1
30,2,3899,2,7.2,0
32,5,3654,5,6.6,1
39,6,5120,6,4.2,0
17,5,3943,5,10.8,1
45,6,2614,3,3.7,1
62,6,4632,6,5.7,1
39,2,4846,5,3.1,0
20,7,3727,4,6.0,1
37,7,5357,0,19.9,0
34,2,3817,4,12.2,0
48,5,3318,2,4.1,1
29,3,4672,4,12.6,1
32,4,2895,4,13.2,0
56,8,5553,0,12.3,0
25,6,4618,3,8.7,0
67,10,3481,3,14.2,1
32,6,2753,0,5.4,1
60,1,4314,5,6.7,0
20,8,4318,6,19.9,1
33,1,4962,0,10.1,0
36,4,3379,0,5.5,1
41,10,3157,0,6.7,1
21,10,3779,3,15.3,1
29,2,5036,4,5.0,0
64,10,5314,1,9.0,0
66,10,3600,5,8.6,1
40,9,2647,2,6.9,1
22,9,2844,2,11.1,1
31,1,4187,4,4.9,0
68,2,2577,6,10.8,1
66,7,4743,1,3.6,0
60,2,2602,2,19.5,1
63,3,3813,2,13.3,0
55,10,4972,3,4.3,1
50,10,3950,3,6.2,1
58,3,4592,6,15.5,1
51,6,3534,1,15.4,0
34,6,4959,2,9.2,1
51,3,3822,1,5.5,0
32,3,4834,4,12.1,0
50,5,5451,5,7.7,0
36,7,3681,6,4.6,1
42,9,3219,3,8.9,1
25,9,5392,1,15.8,1
68,1,4610,6,9.0,0
57,7,5221,0,3.7,0
21,7,3673,0,5.0,1
42,1,3579,6,13.1,1
40,9,2884,6,11.9,1
64,6,4896,3,14.5,0
57,8,5116,2,12.7,1
64,7,5040,6,11.5,1
41,4,3402,6,11.1,0
24,3,4014,6,19.3,0
55,4,4028,5,17.7,0
28,8,2873,4,9.5,1
51,7,2500,2,14.1,1
38,7,3535,3,3.3,1
35,2,4081,3,3.4,1
22,1,5565,3,8.4,0
60,7,5208,6,15.8,0
53,10,4719,1,18.7,0
34,4,5484,0,14.6,0
56,5,4901,3,15.0,0
70,10,4131,1,3.5,1
55,3,5326,5,18.8,0
68,6,5351,5,4.5,1
41,1,3128,6,19.1,1
36,3,3376,2,5.4,1
62,4,5502,6,3.6,0
52,7,2517,0,12.6,1
49,4,4106,6,4.9,1
51,5,3686,1,3.5,1
70,3,4808,0,14.4,0
53,2,5470,5,15.6,0
60,8,3486,3,8.0,1
17,7,3183,2,12.1,1
55,7,3521,1,13.0,1
33,6,4718,2,5.7,1
22,2,3614,4,10.5,1
31,6,4491,1,13.8,0
61,8,3578,6,18.1,1
60,5,4795,5,10.1,0
32,8,2693,6,14.9,1
26,4,3562,0,11.5,1
39,6,3459,6,15.0,1
34,4,4353,6,16.4,1
41,10,4506,2,12.0,1
59,2,4754,3,4.0,0
34,3,5296,3,17.9,0
25,7,4968,5,13.2,0
21,1,2629,1,13.2,0
53,6,4600,6,11.7,0
26,1,2551,3,6.0,1
28,6,3782,0,11.3,0
60,4,4336,2,12.1,0
21,2,3489,0,9.5,1
51,5,4668,5,5.5,1
16,4,4967,2,16.0,0
67,1,4385,3,10.8,0
55,6,4127,2,14.9,0
61,6,5516,4,3.8,1
52,7,4522,6,11.6,1
38,10,3209,6,4.3,1
70,8,4535,6,15.5,1
59,8,3991,2,12.9,1
20,7,2573,4,10.7,1
47,7,5339,4,19.5,0
45,8,4966,2,8.5,0
31,7,4414,5,10.2,1
41,6,4586,6,15.5,1
69,8,4289,6,11.9,1
20,10,3563,6,14.2,1
67,5,5391,1,19.6,0
54,3,4214,1,14.8,0
22,5,3550,4,5.6,1
32,1,4622,5,6.6,0
62,4,2987,3,17.8,1
54,9,3490,1,3.8,1
20,1,2900,1,11.7,1
24,9,2763,0,18.4,1
67,6,5047,1,16.2,0
24,4,3854,1,5.0,1
50,5,5156,4,15.6,0
70,9,4476,3,9.5,1
25,2,3225,2,18.3,0
18,6,3155,3,12.7,1
60,3,3916,4,12.3,1
68,6,2793,0,3.1,1
44,8,4313,1,7.2,1
28,10,3924,1,10.0,1
19,3,2931,0,15.3,1
66,7,4126,0,11.8,0
59,5,5131,5,17.5,0
65,6,5317,6,3.6,1
59,2,3798,1,8.5,0
39,9,2726,5,13.2,1
42,2,5176,1,14.2,0
37,1,4208,0,11.5,0
56,8,4856,1,9.8,0
21,5,2640,6,4.2,1
18,1,3414,2,14.8,0
68,7,3385,5,18.4,1
33,3,4721,3,16.8,0
17,10,4611,3,14.9,1
53,10,4796,5,13.8,1
37,6,3731,6,16.1,1
28,5,3464,4,16.2,1
39,5,3086,5,3.1,1
40,7,3286,1,9.1,1
49,10,3009,6,17.8,1
67,7,5052,1,17.5,0
64,1,4600,1,15.1,0
61,2,4601,5,8.3,0
43,7,5246,3,16.6,0
46,4,4792,1,6.9,0
23,5,3493,0,6.8,1
47,5,3470,1,12.1,1
52,6,2894,5,12.7,1
64,3,4738,0,9.0,0
18,1,5210,6,13.3,0
63,3,4714,5,15.1,0
44,7,3958,1,6.1,0
20,7,3533,5,7.9,1
70,9,3858,3,14.9,0
41,2,3338,2,18.8,0
38,2,3012,3,18.0,0
26,2,3837,0,5.2,1
20,6,3233,6,12.7,1
20,6,4791,5,16.6,0
30,2,5310,1,7.0,0
32,5,3100,0,13.9,1
41,1,2518,2,10.3,0
49,7,5210,3,14.3,1
70,6,3411,5,3.5,1
59,1,3291,5,8.3,1
42,1,5151,0,8.2,0
66,8,5102,1,10.1,0
46,9,4299,4,4.9,1
39,9,2983,2,10.4,1
27,6,4687,6,12.2,1
39,6,4792,4,3.5,1
18,9,3874,2,8.1,1
24,9,4240,4,6.0,1
67,10,4162,3,19.5,1
26,4,4550,3,5.2,1
47,5,4098,5,13.7,1
21,1,5519,3,9.8,0
49,2,2609,4,7.9,0
69,4,2662,2,17.5,1
41,9,2968,4,14.3,1
23,5,2962,3,13.5,0
17,6,4046,4,4.6,1
57,9,2745,2,7.4,1
21,5,3092,0,7.7,1
33,4,4110,1,10.4,1
62,8,5288,2,18.7,0
45,4,4988,2,9.9,0
64,4,3171,2,8.6,1
63,9,2669,3,4.2,1
52,5,4790,1,9.5,1
67,3,4916,2,3.9,0
18,9,5380,1,9.2,0
29,7,3842,4,19.5,1
31,8,2681,3,12.5,1
66,4,5418,4,6.6,0
50,8,3390,3,8.1,1
29,10,3686,6,12.7,1
27,2,3784,3,3.3,1
60,2,5552,4,18.3,0
63,6,3619,3,12.8,1
16,8,4225,5,11.4,1
36,1,4063,3,15.2,0
45,6,5568,0,6.4,0
28,2,5452,5,3.4,0
55,10,4458,5,13.5,1
57,8,2828,2,5.7,1
62,10,3573,3,3.2,1
59,3,4564,0,18.8,0
62,8,4990,6,16.4,1
36,4,4830,5,4.9,1
32,2,4009,6,18.2,0
33,5,4578,4,4.1,1
62,5,3457,1,16.7,0
51,6,4471,2,10.0,1
33,9,3982,6,11.8,1
55,3,4619,0,14.4,0
28,7,5202,4,4.7,1
30,2,5042,0,18.4,0
16,9,4770,5,5.4,1
69,5,4880,4,19.0,0
28,8,3038,3,4.6,1
57,3,3073,4,5.9,1
22,4,5099,2,4.0,1
17,10,4176,4,9.8,1
53,2,3837,5,13.0,0
21,6,4561,3,13.6,0
23,4,2756,0,17.1,1
34,4,3011,6,12.0,1
48,7,2956,3,11.7,1
17,8,4254,3,8.5,1
22,5,2705,0,14.1,1
34,7,2638,0,18.4,1
54,1,4597,1,9.0,0
21,3,4778,6,9.1,1
31,8,3298,5,8.8,1
26,7,4642,2,6.9,0
32,1,2798,5,12.6,1
30,9,3769,2,4.8,1
51,5,3633,6,17.2,1
19,4,3573,2,5.3,1
67,5,5187,5,6.0,1
29,4,2743,3,4.2,1
70,6,4449,4,9.5,0
56,2,3348,1,15.9,0
35,2,4007,6,18.5,0
32,10,3123,2,10.4,1
68,8,4772,3,7.0,0
70,4,2688,4,15.3,1
49,9,2735,4,14.7,1
18,8,3519,3,14.6,1
65,7,5236,6,10.5,0
42,8,2574,6,12.6,1
17,10,3050,5,4.1,1
60,9,4024,1,7.3,1
17,3,2566,5,18.8,1
36,8,4156,3,3.7,0
20,2,3623,3,8.1,1
40,6,4501,6,6.9,1
60,1,2681,3,5.2,0
23,2,3047,5,18.7,1
23,8,3017,4,5.1,1
68,4,4786,0,11.3,0
25,2,4790,4,17.3,0
22,10,2860,3,3.1,1
48,10,3754,3,4.8,1
31,3,4682,2,8.8,0
68,6,2521,1,5.5,1
25,3,2811,5,6.1,1
47,9,4495,1,13.0,0
66,7,4250,0,5.9,0
56,5,4692,3,13.9,0
17,10,3946,4,18.6,1
26,8,5296,1,6.9,0
22,2,2889,2,6.6,1
66,5,2979,2,3.2,1
27,9,4469,6,3.2,1
19,6,5157,1,9.7,0
37,1,2570,6,11.3,1
31,8,4696,1,6.1,0
25,5,5514,4,8.5,1
40,3,4247,5,5.4,1
65,9,5076,6,14.6,0
28,9,3311,3,9.7,1
69,6,4995,3,15.5,0
52,8,3919,5,12.4,1
37,3,3425,6,9.4,1
53,8,3114,0,13.6,1
35,10,5143,1,3.1,0
27,3,4724,1,14.7,1
28,10,4944,5,9.3,1
16,1,4681,0,11.7,0
51,5,3292,0,11.9,0
20,1,3093,0,12.5,0
26,5,4508,6,14.9,1
16,7,3283,0,4.9,1
19,9,4508,1,11.3,0
65,2,5293,3,4.4,0
17,9,4821,2,7.0,1
50,10,3962,0,6.2,1
34,1,5317,2,13.2,0
23,10,4208,5,13.3,0
32,10,3956,2,17.1,1
21,1,5471,3,11.9,0
33,1,3538,3,15.7,1
60,8,3141,1,18.1,0
50,5,2930,0,5.3,1
60,3,4444,5,15.3,0
54,5,4080,6,8.6,1
67,4,4899,3,7.7,0
21,10,2954,5,19.4,1
24,3,3490,2,6.5,0
38,1,2874,6,18.5,1
44,9,3457,3,17.0,1
59,9,5476,5,17.9,0
22,9,5280,4,13.0,1
22,10,4037,6,12.9,1
59,1,2808,3,9.8,0
46,8,5584,5,9.8,0
38,3,2987,6,17.5,1
28,5,2813,5,9.6,1
54,5,3773,2,11.3,0
60,10,5417,0,19.9,0
17,6,4975,2,9.0,0
18,3,3614,4,17.0,1
58,1,3910,6,7.7,0
64,6,2687,5,3.4,1
28,9,3338,4,13.1,1
54,8,4577,3,11.1,0
62,10,3802,6,16.4,1
22,1,5534,1,3.1,1
26,5,3880,5,4.2,1
23,7,5125,3,17.6,0
59,9,4753,3,11.2,0
58,4,4073,2,11.6,1
23,7,5193,4,6.8,1
25,3,5199,6,18.7,0
52,6,3495,2,18.5,0
65,8,3363,0,11.8,1
58,9,4696,0,6.7,0
25,5,2584,1,19.7,0
37,5,4674,2,18.2,0
19,9,3848,0,11.9,1
29,6,4877,1,13.6,0
46,4,2903,4,10.5,1
34,3,4283,4,6.5,1
49,8,4161,4,14.6,1
32,8,2545,4,14.4,1
46,6,4126,0,12.3,0
50,2,4533,6,16.8,0
26,2,3756,2,10.7,0
18,3,4398,0,17.6,0
34,1,3511,5,6.7,1
18,5,4395,3,19.4,1
24,5,3254,2,6.5,1
31,4,3372,2,5.7,1
34,10,2720,4,13.3,1
31,3,2803,3,4.6,1
18,9,2916,0,5.9,1
25,2,3086,0,15.4,0
64,7,4727,6,8.2,1
55,9,3170,3,16.6,1
40,9,3601,6,5.6,1
17,6,3038,4,9.6,1
35,3,3814,5,9.6,1
66,4,3258,2,11.2,0
60,5,3519,5,10.0,1
57,9,2712,4,9.6,1
29,4,4065,5,8.6,1
38,9,3334,1,3.3,1
17,10,4518,4,13.5,1
63,2,5593,2,11.0,0
22,10,4003,6,9.3,1
49,6,4085,6,6.6,1
31,7,5074,2,18.2,0
47,4,3567,0,7.0,0
61,4,2937,1,18.7,1
33,6,4733,1,6.7,1
16,2,4514,0,19.5,0
52,8,3955,6,10.1,1
45,7,3698,3,12.1,1
23,1,2591,1,8.1,0
18,3,4226,4,19.0,1
44,6,4196,2,7.8,0
49,8,4098,1,15.4,0
22,3,3442,3,3.3,1
48,9,2970,4,12.5,1
40,6,4270,4,15.6,1
23,6,4422,1,11.0,0
49,2,3036,4,13.9,0
51,7,2873,5,16.1,1
24,9,3995,4,11.5,1
53,3,2648,6,6.7,1
28,6,3100,6,9.7,1
48,1,4472,3,15.4,0
60,3,3426,2,7.6,0
67,1,3927,3,13.7,0
30,8,4630,3,5.5,0
34,10,3047,1,18.8,1
21,1,3205,6,13.3,1
69,8,3422,3,11.0,1
34,6,3793,0,16.8,0
60,8,4235,6,16.6,1
67,6,2726,6,4.7,1
42,10,3968,3,8.2,1
54,1,4630,6,10.8,0
41,2,5139,6,8.8,0
47,3,4170,6,8.4,0
29,8,4440,6,9.0,1
62,1,5022,0,5.4,0
22,2,4754,0,5.0,0
52,8,4158,4,7.4,1
66,5,4255,5,4.2,1
60,8,5582,5,11.7,1
57,4,4846,4,5.6,0
52,1,3247,2,4.1,0
68,6,3906,6,17.2,1
63,2,4800,4,13.0,0
31,5,4118,4,18.3,0
50,9,3840,1,19.7,1
39,2,4385,5,13.1,0
30,3,3665,0,16.5,0
60,10,4602,6,5.7,1
18,4,4767,5,14.9,0
23,4,5283,4,12.3,0
21,7,5462,6,14.5,1
27,2,4705,6,4.8,1
44,1,4842,0,18.9,0
67,9,4893,1,10.1,0
69,10,3523,0,16.2,1
65,10,5338,2,19.8,1
57,1,4080,4,17.8,0
41,6,5189,1,8.3,0
58,9,3173,0,9.8,1
30,9,3461,4,14.0,1
52,4,4422,4,12.1,0
16,5,4293,2,10.0,1
65,2,3748,5,14.1,0
69,2,3184,4,18.5,0
56,4,3207,2,8.3,0
25,3,4753,0,5.2,1
30,10,2565,5,14.5,1
56,1,2870,4,13.0,0
43,6,5368,0,18.4,0
46,6,5535,1,15.6,0
38,1,2744,2,9.8,0
61,5,2941,1,13.8,0
25,10,3520,5,17.7,1
40,2,4316,6,8.9,0
28,2,3090,0,3.2,1
54,2,5545,1,13.6,0
31,1,4031,1,3.4,0
32,9,4164,6,18.9,1
25,1,3104,4,5.9,1
63,3,3453,6,9.4,0
27,9,4782,1,19.1,0
63,10,4461,0,4.4,0
66,2,3196,3,3.1,1
69,4,3868,5,4.8,0
34,2,3074,5,19.8,0
52,2,3763,3,19.5,0
61,10,3172,1,9.5,1
20,4,5536,0,15.6,0
19,7,3422,3,15.5,1
27,2,3968,3,4.7,1
69,3,4489,0,7.0,0
20,4,2627,6,18.1,1
58,6,3149,4,5.8,1
62,10,5565,2,11.9,0
65,3,4660,2,7.2,0
45,7,3250,2,12.5,0
44,5,3833,6,6.3,1
56,8,5157,5,6.7,1
50,4,3110,0,3.8,1
59,5,3426,2,19.8,0
35,7,3244,5,4.9,1
67,5,4561,2,10.1,0
39,8,4134,5,10.1,1
29,1,4052,3,8.2,1
57,4,3673,5,16.5,1
50,2,3516,3,8.7,1
18,2,4092,5,13.6,0
25,1,4977,3,12.2,0
18,4,5018,1,17.7,0
47,3,4932,6,16.9,0
64,8,2642,2,6.7,1
33,6,4019,0,15.8,0
22,8,3720,2,16.5,0
62,9,5399,2,18.6,0
55,8,3787,1,19.4,1
45,5,3265,6,15.5,1
26,10,3277,3,10.6,1
52,4,3103,2,8.0,1
36,9,3869,4,17.7,1
29,2,3318,4,18.6,0
32,10,4256,3,4.7,1
19,4,3215,6,12.4,1
42,7,4313,6,5.2,0
57,4,4408,3,7.3,1
61,3,4576,4,9.5,0
55,4,5235,0,8.3,0
64,7,2737,3,15.2,1
68,2,2664,3,4.3,1
28,2,3926,2,13.4,1
39,10,4099,5,12.9,1
34,1,4848,4,16.4,0
53,8,3203,3,4.6,1
62,4,3910,3,8.7,0
64,4,4395,4,14.9,0
20,4,4535,1,15.1,1
44,4,4183,1,10.6,1
22,8,4330,3,10.9,1
34,9,3008,2,19.4,0
42,4,3940,4,8.5,0
50,2,4178,6,5.6,1
59,1,2744,2,19.2,0
70,8,5502,4,16.8,0
34,10,4462,1,7.0,0
46,1,4725,5,17.6,0
19,6,4156,1,7.3,1
22,3,5385,3,17.1,0
69,3,2517,2,13.7,0
67,9,5470,5,11.2,0
67,3,3141,1,18.8,0
30,4,5242,1,16.8,0
51,2,2690,5,5.2,1
28,10,3469,3,15.0,1
53,10,4267,4,16.4,1
42,10,4538,5,12.2,1
67,3,2546,2,7.7,1
36,2,3612,1,7.0,1
51,10,5111,6,19.6,1
52,7,3067,0,10.4,1
59,3,5437,4,11.8,0
18,1,4701,2,13.2,1
41,8,5524,0,4.7,0
40,9,5300,6,4.4,1
28,1,3202,5,6.4,1
60,5,5417,1,4.1,0
61,5,4034,5,18.3,0
20,5,3301,5,5.5,1
53,4,5262,3,6.9,0
63,4,3958,6,12.1,1
31,4,4630,1,18.2,0
50,10,4391,0,3.8,1
50,10,3426,5,6.7,1
17,2,5547,2,15.2,0
60,8,5085,0,11.8,0
57,6,4140,6,13.1,1
30,3,4279,2,3.3,1
33,2,2715,6,17.7,1
58,8,4762,5,12.8,1
60,4,5320,2,17.2,0
19,2,5505,5,19.4,0
35,10,4235,3,15.4,1
50,10,5592,4,3.5,0
22,5,4974,2,15.1,0
70,5,4064,0,12.6,1
27,5,4981,1,4.8,0
63,2,2985,2,7.6,0
19,2,4594,3,5.9,0
64,3,4420,5,18.7,0
18,4,4028,1,16.5,0
53,2,4495,5,14.9,1
35,1,5141,5,16.0,0
41,10,4273,5,13.2,1
21,9,3674,5,17.5,1
53,4,3808,0,6.9,0
50,7,4261,1,7.3,1
33,2,4302,6,13.1,1
41,10,3472,4,16.8,1
46,9,4155,1,17.2,0
53,2,3391,6,19.6,0
45,3,5428,2,16.0,0
19,4,4157,2,7.0,0
45,1,5096,5,6.9,0
35,4,3676,6,10.6,1
38,7,3720,2,14.1,0
36,8,3394,4,11.7,1
35,1,4269,4,4.1,1
28,4,4410,1,11.2,0
34,9,4254,3,16.9,0
55,9,5094,0,7.1,1
28,6,4083,6,13.8,1
57,8,5045,5,7.6,1
40,3,2680,1,12.4,1
49,9,3616,4,14.9,1
22,5,4709,0,6.5,1
27,7,3688,0,15.6,1
65,3,4766,4,14.5,0
61,2,4334,5,8.3,1
19,6,4000,5,18.2,1
65,6,4229,2,16.3,0
62,6,5294,6,11.9,0
23,9,4603,3,4.4,1
29,8,5550,2,10.5,0
25,4,2796,2,8.6,1
62,5,5020,5,7.5,1
62,1,5262,2,13.9,0
55,8,5376,2,18.7,0
29,2,4171,2,5.5,0
66,1,4011,2,15.6,0
62,6,4309,2,13.6,0
63,10,5334,0,14.3,0
35,4,5186,6,17.4,0
54,2,5398,1,9.4,0
53,2,5504,3,12.9,0
24,9,4433,1,7.7,1
48,7,3303,3,7.8,1
46,5,2967,1,11.7,1
48,10,5282,1,3.1,0
34,2,2972,2,7.2,1
52,7,2718,6,5.6,1
64,4,3964,6,5.0,1
49,3,4803,5,9.5,0
63,10,4780,1,4.8,1
58,10,3287,4,5.6,1
33,9,4054,5,14.4,1
56,2,5272,4,14.1,0
52,8,4979,6,19.1,1
67,4,5341,1,18.6,0
34,4,4886,3,17.9,0
25,2,2782,2,14.7,1
53,6,3131,5,7.5,0
50,9,3024,0,6.0,1
49,3,2911,2,19.1,1
56,6,5161,4,19.3,0
44,7,4688,0,11.6,0
17,7,5332,1,12.3,0
64,3,3493,4,3.1,1
31,1,5537,1,5.5,0
29,9,5387,4,12.3,1
60,6,2828,2,6.1,1
59,8,5192,3,11.1,0
43,6,2843,2,16.5,1
53,4,3898,6,16.6,0
20,3,3060,5,17.6,1
31,7,4299,5,7.0,1
29,9,2554,5,10.3,1
39,4,5126,2,13.7,0
35,1,3976,0,12.9,0
19,2,5201,0,20.0,0
53,6,3843,3,7.7,1
48,3,4226,6,4.2,1
36,9,4788,3,9.6,1
64,3,5512,6,11.8,0
35,5,3660,3,9.6,0
22,3,4115,4,8.4,1
62,5,3505,0,7.4,0
23,7,2627,5,10.3,1
19,8,5206,6,14.7,1
42,8,4244,3,5.5,1
47,6,3654,6,17.7,1
31,5,4908,1,13.9,1
62,4,5037,3,4.8,0
31,10,5553,6,3.4,1
68,8,3854,4,3.9,1
51,9,2826,4,4.5,1
26,8,4004,2,13.9,1
38,1,3865,3,19.0,0
20,3,3143,2,5.3,1
62,5,4318,4,7.8,1
51,4,3783,0,17.7,0
39,10,5232,3,11.6,1
53,5,2647,6,10.3,1
49,3,4719,0,11.0,0
48,6,4366,3,4.7,0
37,4,3216,4,6.7,1
35,2,3592,0,19.4,0
30,10,5164,0,13.9,1
59,10,3628,1,7.9,1
41,8,4559,1,19.1,0
41,4,4088,6,9.8,1
55,9,5274,1,5.4,0
45,3,4547,4,19.4,0
68,9,5086,2,14.3,0
29,9,5301,3,15.8,1
18,2,2900,6,3.4,1
39,4,5084,6,7.8,1
45,7,5477,0,19.1,0
61,3,2612,0,5.6,0
50,9,3908,2,17.8,0
67,7,3290,5,16.1,1
20,3,5545,5,9.4,0
45,8,3591,4,18.1,1
61,1,3079,6,18.7,0
43,4,2796,1,17.7,1
31,2,4959,5,9.9,1
58,1,2682,6,13.0,0
64,8,3445,6,8.2,1
30,2,4218,4,5.2,0
46,7,2638,4,18.3,0
60,1,3041,1,19.7,0
24,9,5581,5,4.0,1
16,10,3919,1,14.7,1
56,4,3440,2,19.1,0
57,5,5196,0,13.3,1
24,7,2749,2,3.8,1
48,6,3318,0,3.3,0
55,1,5167,3,11.6,1
68,10,4834,0,19.0,0
60,10,3839,5,7.7,1
28,5,5540,4,9.0,1
47,6,4287,4,16.5,1
56,2,4810,4,16.6,0
30,8,5553,5,19.0,1
24,6,4063,4,17.3,1
40,3,3990,4,13.1,0
55,4,4557,1,19.0,0
45,1,2708,5,13.4,0
49,8,3828,3,13.2,1
52,1,4642,1,3.3,0
68,6,3674,3,10.7,0
50,9,4702,2,3.7,1
23,1,3750,1,18.3,0
38,2,3102,3,3.2,1
25,8,2953,6,8.2,1
57,9,4190,0,19.9,1
70,1,3099,0,16.5,0
58,3,3644,6,15.9,1
29,7,4111,4,15.1,1
54,6,2654,1,3.9,1
17,6,3803,2,7.9,1
30,3,3465,0,16.6,0
32,6,3473,5,18.2,1
41,1,5319,4,9.0,0
33,9,5367,1,7.4,0
39,6,3430,1,7.0,1
16,4,5230,4,12.3,0
60,4,3191,3,8.0,0
37,4,3575,5,3.4,1
60,5,5416,1,9.6,0
19,2,2814,6,12.4,1
63,7,3685,1,13.8,0
50,2,4995,1,8.8,0
28,4,5415,5,8.3,1
57,9,5440,3,7.8,1
57,6,5228,2,13.6,0
55,10,5489,5,7.8,1
63,7,3958,4,18.6,0
68,8,3501,2,7.8,1
25,1,3693,1,16.4,0
31,6,2873,5,8.4,1
18,4,2926,3,13.8,1
19,1,5518,6,14.9,0
21,1,3090,2,6.0,1
54,2,4410,1,9.5,0
49,1,3220,0,5.2,0
17,5,4558,1,11.7,0
39,1,3958,5,18.5,1
22,9,2825,2,13.1,1
26,6,3653,3,14.9,0
19,10,4765,1,7.8,1
45,1,4981,6,11.0,1
20,1,3397,6,15.6,0
59,9,3419,5,5.2,0
67,4,4761,5,5.1,0
63,8,3816,3,6.8,1
61,2,2717,0,7.0,0
57,1,2880,0,19.4,0
66,5,3658,3,5.7,0
64,6,3340,5,4.8,1
27,2,2868,0,5.3,1
49,1,4927,3,6.4,0
32,3,3922,6,9.3,1
62,2,4692,5,6.4,0
16,10,2506,3,4.5,1
38,10,3746,4,5.3,1
36,1,3981,0,16.4,0
62,5,4290,0,11.8,0
32,4,5501,2,15.7,0
65,1,3920,5,6.0,1
43,7,4016,0,8.2,0
53,9,5275,5,19.7,1
45,7,3735,1,4.5,1
39,10,3723,0,10.5,0
32,7,2995,0,8.0,1
31,6,4738,4,3.1,1
51,10,2560,0,12.4,1
33,8,3177,3,12.4,0
63,8,3796,6,8.4,1
23,8,3845,4,11.0,0
27,1,2619,2,9.7,0
18,8,4140,6,10.9,1
63,8,5513,0,17.4,0
38,5,2824,1,15.1,1
17,6,4030,1,7.8,1
18,9,4320,0,7.1,1
66,2,3504,6,15.3,1
64,6,4281,1,6.8,0
31,8,3556,0,18.4,0
51,3,2992,6,17.2,1
29,3,5105,6,7.3,0
62,1,5595,1,16.6,0
55,4,3696,2,6.3,1
40,4,2786,4,3.4,1
67,10,3006,2,19.3,1
28,1,5275,5,15.9,0
70,7,5230,1,11.3,0
31,1,4023,5,17.3,1
64,8,5201,3,4.3,1
63,5,3190,0,15.6,0
46,5,3741,4,19.3,1
22,10,2849,0,16.9,0
57,8,4188,5,10.3,1
54,2,4668,6,8.9,0
63,3,5480,1,18.2,0
28,3,4838,3,8.0,0
29,7,4561,2,18.9,0
35,9,4587,0,8.4,1
36,7,4450,4,5.1,1
16,5,3801,0,7.0,1
24,8,4050,0,11.8,1
42,8,3034,5,5.2,1
69,1,2562,1,9.5,0
23,6,4947,6,18.4,0
29,8,4037,4,4.6,1
63,7,5200,3,13.4,0
18,3,2877,2,9.9,0
21,2,3714,2,14.0,0
64,3,3297,1,11.3,0
29,4,5107,4,17.9,1
32,10,3668,4,9.8,1
16,7,4470,0,11.6,1
38,9,2761,2,5.2,1
70,1,4133,6,11.3,1
70,8,3868,3,5.0,1
51,2,4392,1,12.9,0
53,6,4314,1,10.3,0
51,4,2834,1,16.3,0
54,9,2655,6,10.1,1
44,7,2888,2,13.7,1
27,5,3174,2,4.0,1
63,6,4752,0,15.1,0
64,8,3334,6,19.3,1
23,8,5506,2,10.6,0
21,6,2768,4,3.2,1
59,8,4074,5,13.3,0
18,8,4719,2,5.5,0
60,1,2667,3,11.0,1
70,4,4093,0,3.6,0
17,10,2711,4,10.5,1
59,4,4948,4,17.9,0
23,9,3948,1,5.3,1
31,6,5180,1,11.5,0
46,3,4538,2,7.3,0
53,4,3482,4,7.4,1
20,5,2980,3,13.9,1
22,2,2990,0,15.7,0
31,4,2602,4,17.8,1
53,7,3430,4,7.7,1
38,10,4761,1,4.2,0
31,10,3599,3,10.5,1
24,4,2953,5,12.9,1
69,8,2748,2,15.6,1
54,4,3858,0,15.9,0
70,9,3150,6,17.7,0
43,10,4775,0,3.5,1
61,5,3544,0,19.7,0
51,7,2888,1,19.4,1
44,9,3345,5,3.6,1
42,2,3872,4,8.3,0
43,3,2616,1,16.0,1
38,7,2845,0,11.1,1
51,2,5479,6,3.1,1
43,8,3577,0,9.0,1
69,3,4819,6,12.8,0
65,4,5328,3,18.0,0
41,9,2851,1,17.1,1
37,6,4627,2,19.1,0
57,8,5082,2,11.0,1
51,7,2571,1,16.6,0
28,6,3463,3,4.7,1
61,6,2916,4,11.8,0
53,9,2598,3,18.6,1
50,10,3410,4,17.3,1
59,1,3066,6,14.1,1
28,6,5276,0,5.5,1
59,8,3235,5,6.1,1
22,7,4815,1,14.5,0
59,5,2659,0,8.5,1
48,8,4414,2,8.6,0
48,5,4654,2,17.4,0
56,2,2973,6,3.3,1
33,3,3836,2,9.7,0
58,1,5379,5,7.0,0
17,8,4403,6,3.5,1
54,10,5005,2,6.7,0
59,4,3816,1,6.1,0
16,8,3242,6,11.6,1
54,10,3956,3,10.4,1
58,4,3753,3,11.0,0
44,9,5547,5,17.9,1
49,1,3827,2,11.4,0
19,7,4444,3,13.9,0
70,2,4321,6,14.0,0
69,8,3651,0,11.8,0
58,1,3661,5,8.2,0
16,9,5118,2,18.4,0
39,4,3151,3,10.4,1
60,3,3789,6,12.7,1
53,6,4567,4,12.5,1
65,10,2675,2,17.1,1
49,2,4600,6,12.1,1
55,4,5081,4,10.8,0
34,7,3871,1,10.8,0
60,1,4307,0,16.3,0
45,10,4008,2,8.6,0
60,6,4564,5,18.9,0
27,10,2657,2,17.4,1
30,5,4413,1,5.4,1
20,9,3913,6,8.4,1
53,4,2610,1,18.4,0
56,5,4981,0,7.7,0
31,4,2970,2,8.4,1
37,6,4333,0,6.7,0
47,3,5135,4,3.9,0
57,6,5354,3,11.1,0
32,9,4447,6,15.8,1
42,2,4721,1,14.2,0
26,8,4312,1,3.5,1
60,9,4910,4,11.9,0
64,1,5525,4,8.6,0
56,7,3921,2,13.9,1
60,5,3780,6,9.9,1
58,7,3037,5,19.7,1
61,3,5535,4,17.1,0
39,3,5327,5,14.9,0
27,3,4689,3,11.8,0
68,2,4543,3,13.0,0
16,5,3134,3,10.5,1
38,9,5319,5,16.5,1
55,8,2679,0,18.4,0
59,2,4414,0,20.0,0
53,6,3285,3,13.2,0
42,1,3908,4,14.6,0
66,1,2794,1,9.8,1
28,7,2917,4,3.1,1
23,4,3668,0,15.0,0
50,8,3732,1,18.9,0
33,2,5232,3,17.6,0
41,2,4352,0,17.9,0
41,8,2596,4,9.8,1
30,3,5385,3,15.1,0
70,1,4392,3,13.9,0
37,8,5070,3,12.2,1
52,8,5364,4,5.6,1
24,10,4090,4,12.8,1
70,6,3055,4,8.1,1
70,5,3888,1,15.0,0
19,7,4628,4,19.1,1
51,8,2603,1,15.4,1
48,7,5432,0,7.4,0
25,4,3588,6,10.9,1
58,9,4544,1,12.6,0
58,8,5542,0,15.3,1
62,9,5182,2,5.5,0
49,6,4797,6,11.9,1
54,5,3426,6,17.6,1
55,9,4126,5,3.5,1
58,7,4054,1,15.4,1
48,8,5173,4,18.0,1
56,9,2623,5,16.5,1
19,3,2571,2,18.8,1
49,2,2866,1,16.3,0
27,2,5468,6,11.8,0
38,6,4175,0,11.1,0
58,9,4668,6,3.5,0
22,10,2792,3,3.3,1
57,1,2541,5,13.9,0
30,1,4515,2,7.7,0
57,7,4687,4,8.2,1
58,3,3824,6,16.7,0
16,5,2757,3,4.9,1
28,1,4017,1,7.8,1
60,1,4482,0,14.6,0
34,6,3161,6,3.5,1
40,7,3432,6,11.8,1
16,9,4814,4,4.5,1
54,5,3157,0,15.9,0
21,7,2807,6,13.8,1
30,9,4447,3,13.3,1
42,5,2571,1,6.8,0
58,3,3845,2,15.3,0
43,9,4265,6,8.1,1
70,1,2700,5,12.7,1
44,3,4524,4,4.6,1
29,2,5049,5,4.6,0
26,7,5517,5,6.3,1
59,3,3324,4,6.7,1
41,4,3514,2,5.1,1
49,7,4416,0,5.0,0
36,3,4357,0,17.9,0
31,4,4389,1,12.4,0
48,5,3475,5,13.6,1
32,2,2674,0,7.9,1
70,10,2577,0,3.9,1
56,10,5591,6,19.5,1
61,8,3759,2,3.9,1
31,2,3887,0,17.0,0
17,5,4440,6,14.3,0
18,4,3136,6,9.9,1
63,2,3684,3,15.7,0
64,9,3853,0,16.0,1
53,5,2794,4,17.9,0
48,7,4369,6,12.3,1
27,7,3100,6,6.6,1
57,4,2509,4,12.7,1
44,4,4425,6,4.7,1
49,10,3430,5,9.4,1
17,9,4725,1,13.4,1
44,6,4162,4,7.3,1
54,6,2590,4,17.7,1
58,1,4652,5,19.6,0
24,3,2626,3,4.3,1
17,1,3471,5,6.5,1
63,9,4626,4,11.0,1
33,10,3752,1,3.6,1
42,2,3693,3,4.6,1
50,3,3185,6,18.3,1
43,4,3876,5,3.8,1
67,9,3408,4,7.2,1
62,5,5433,2,10.2,0
37,1,4630,1,3.3,0
26,6,5317,1,16.8,0
69,2,3545,2,17.1,0
54,7,5445,6,9.7,1
57,9,3366,3,6.4,1
41,1,3457,2,18.2,0
42,10,3425,6,14.5,1
25,7,4327,2,11.9,1
39,1,4399,5,9.7,0
45,3,2701,4,12.2,1
23,2,4238,2,7.2,0
50,9,5453,6,10.6,1
49,8,3761,4,14.7,1
62,4,4668,6,10.0,0
18,6,4460,0,14.6,0
28,4,5537,1,15.6,0
39,5,4492,2,15.8,0
64,7,3959,4,12.7,1
29,2,2540,5,6.1,1
69,8,4992,0,14.9,0
68,10,3551,1,16.9,1
21,10,5367,4,4.6,1
35,2,3257,2,18.2,0
30,5,3855,4,19.0,0
42,3,5070,0,14.4,0
66,7,2970,3,4.9,1
36,4,3353,0,14.1,0
52,4,4954,6,9.1,1
23,2,3483,1,8.2,0
47,6,5468,1,3.6,0
35,6,4167,0,15.3,0
66,6,5058,1,12.6,0
58,4,4196,3,10.7,0
27,8,2640,4,9.6,1
50,7,5014,6,10.0,1
34,2,3801,6,10.7,1
40,4,3702,0,11.1,0
41,7,4782,2,4.7,1
61,2,3371,6,9.5,0
31,4,3826,1,4.1,1
16,9,4385,4,16.2,1
26,5,4339,2,11.9,0
61,6,4757,1,16.6,0
32,7,2754,0,10.3,1
19,4,5577,2,5.6,0
38,9,4385,0,8.1,1
63,1,4416,1,7.0,0
64,5,5236,3,10.5,0
68,6,4021,5,16.4,0
53,3,2594,3,5.0,1
61,8,2912,5,9.8,1
58,1,5437,0,4.6,0
17,7,5559,2,9.7,0
38,7,2759,4,12.9,1
44,8,4623,0,4.2,1
41,3,4548,4,4.1,0
61,2,3011,1,15.4,0
70,6,4940,2,9.9,0
45,10,3924,4,9.0,1
21,8,3214,6,14.7,1
35,3,4236,0,4.4,0
26,5,5305,3,17.6,0
41,3,3172,3,16.2,0
28,8,4418,0,9.6,1
20,6,4770,4,11.0,0
25,5,4438,0,9.8,0
43,1,4516,4,16.3,0
23,7,4749,1,3.5,1
17,5,3224,0,14.4,1
31,1,2815,0,8.1,0
51,2,5568,3,16.3,0
50,8,3490,1,19.7,0
37,8,5440,3,7.7,0
52,5,3332,6,10.6,1
26,8,3323,5,12.3,1
55,8,2577,5,12.4,1
16,7,3869,3,5.7,1
23,3,5429,0,12.9,0
66,5,5273,2,15.3,0
41,9,3444,0,19.0,1
46,4,3759,0,15.3,0
37,7,4575,2,13.3,0
51,9,5459,4,7.0,0
57,6,4372,5,4.7,1
58,6,3121,4,13.8,1
29,2,3604,1,13.6,0
50,5,4744,5,17.3,0
59,1,2572,6,10.6,1
38,2,4358,4,5.9,0
37,6,4884,5,6.8,0
50,3,3573,6,11.1,1
47,4,4170,5,8.3,1
29,4,4725,6,6.1,1
68,5,4345,2,4.8,1
46,7,2575,2,10.0,1
47,5,4315,1,8.7,0
27,9,3215,1,19.4,1
53,5,4793,3,17.6,0
66,10,3310,6,6.1,1
55,10,5532,1,15.8,0
44,5,2864,4,11.2,1
51,8,5260,0,18.7,0
28,5,2605,6,13.3,1
19,9,4617,3,6.5,0
51,8,3594,3,6.3,1
25,4,3105,2,19.4,0
20,4,3176,6,18.6,0
58,9,2619,2,11.2,1
39,6,2911,0,12.6,1
62,7,3715,3,12.3,0
63,7,2987,4,16.0,1
22,2,5501,5,11.1,0
58,3,5061,3,5.1,0
34,10,3964,1,8.5,1
54,3,2794,0,12.7,0
18,9,5557,6,9.0,1
41,4,4747,1,16.8,0
50,9,3067,2,19.1,1
40,6,2667,1,7.1,1
46,1,4421,1,18.1,0
16,3,2625,0,15.2,0
16,10,4404,2,13.0,1
49,3,3870,6,5.2,1
38,3,5229,1,10.0,0
47,2,3683,6,19.9,0
35,7,3888,4,14.0,0
16,9,4191,6,13.1,1
54,10,5547,4,3.6,1
23,9,4678,6,8.5,1
59,9,4575,3,11.3,1
16,10,3460,5,13.9,1
67,6,3998,0,17.6,0
29,9,3102,6,10.8,1
65,7,3714,0,7.7,1
16,2,5048,1,7.8,0
40,1,2808,5,5.3,1
38,1,3012,1,5.5,1
25,4,4316,0,8.2,1
42,5,4975,6,16.0,1
27,7,5522,3,10.0,0
40,6,4320,3,17.6,0
36,4,4536,2,19.1,0
26,8,3397,5,4.3,1
59,9,3770,2,15.1,1
44,3,3474,3,4.4,1
62,3,2837,0,4.2,1
60,10,3648,2,7.7,1
30,10,3174,0,4.7,1
32,4,4332,1,14.3,1
68,6,4836,2,15.2,0
33,6,5536,5,13.9,0
21,7,5228,5,12.8,1
45,9,3486,3,16.3,1
69,2,5409,6,16.1,0
28,6,5419,2,17.8,0
51,3,4060,3,14.8,0
34,8,3135,4,9.0,1
37,6,4910,1,11.9,0
40,8,2850,2,11.3,1
23,10,3619,6,4.8,1
37,8,4149,3,16.8,1
31,9,5177,6,18.5,0
61,9,5527,4,19.7,0
28,7,5035,1,7.2,0
62,4,4003,3,4.6,0
16,4,2763,2,4.9,1
38,4,4979,6,16.7,0
30,7,5155,2,13.7,0
40,9,3964,3,15.9,0
58,4,4217,4,18.4,0
68,6,5135,6,6.8,1
56,5,2909,3,9.2,1
43,7,5019,5,16.5,1
44,9,4089,0,7.4,1
70,5,4627,6,11.6,0
70,4,3090,1,10.5,1
57,3,4407,5,13.1,0
25,5,3331,3,19.8,1
30,5,4106,4,4.8,1
30,2,4127,0,11.2,0
28,10,5465,3,19.3,1
69,9,4577,0,8.9,0
24,3,4227,3,15.6,1
62,10,3746,2,18.8,1
60,3,3545,1,7.1,0
45,5,4522,3,4.4,1
32,2,5234,1,4.3,0
30,7,4274,0,4.2,1
53,5,4546,0,9.0,0
52,3,3516,2,5.1,1
45,3,4230,5,9.9,1
47,10,4272,4,15.8,1
61,7,4614,0,8.1,0
57,2,3480,3,11.2,0
57,2,3581,4,5.2,1
31,1,3613,1,14.9,0
19,3,3804,0,8.4,0
41,8,3405,1,5.3,1
34,1,3106,0,19.2,0
34,3,4050,1,16.1,0
44,1,5150,3,14.1,0
66,7,2598,5,15.3,1
60,9,4563,6,10.2,1
53,6,5031,4,8.1,1
55,10,5055,2,11.5,1
38,7,5143,6,17.0,0
46,8,3483,6,19.4,1
39,4,2812,2,13.3,0
60,9,5585,0,9.4,0
70,7,4669,3,15.2,0
39,1,3607,3,14.9,0
55,1,5141,4,7.2,1
19,9,3596,1,10.4,1
38,3,4822,3,5.3,1
63,5,5477,2,9.8,0
53,8,4880,3,16.0,0
44,8,4530,0,8.3,0
27,1,3092,3,13.8,1
60,7,5393,0,8.6,0
69,10,3819,5,5.5,1
37,4,4431,4,15.6,1
60,6,4396,6,13.0,0
48,3,3264,4,17.0,0
37,8,4369,6,14.5,1
34,2,3711,1,16.9,0
43,6,3583,0,5.6,1
38,5,5162,6,13.4,1
49,7,4738,4,9.2,0
24,5,4017,4,15.7,1
42,10,2559,2,12.9,1
56,10,4697,2,3.9,1
62,3,4788,4,12.1,0
31,1,3016,2,15.7,0
49,5,4846,0,7.5,0
32,6,3739,2,14.1,0
59,8,4771,2,17.3,0
35,6,5102,5,4.1,1
53,6,4670,2,12.8,1
39,1,5417,3,18.1,0
30,8,2736,4,5.1,1
47,4,3505,0,7.6,1
50,4,2684,4,13.6,1
53,5,3034,1,12.9,0
59,1,3658,6,16.5,0
53,5,2572,2,13.7,1
62,4,3728,2,12.8,0
39,3,2894,2,10.7,1
43,3,2851,2,4.3,1
42,1,5090,4,13.0,0
47,9,4806,5,5.7,1
23,3,3912,6,19.9,0
62,9,4258,6,4.3,1
44,9,3404,1,4.3,1
46,5,4005,4,16.4,0
64,9,4904,2,4.7,1
41,3,4116,5,9.9,1
41,2,4959,0,18.8,0
47,9,4002,6,16.4,1
67,7,3622,2,7.0,1
29,7,5273,5,7.3,1
24,10,5294,4,13.1,1
21,1,3208,2,11.3,0
56,2,3935,6,5.0,0
16,10,4894,1,5.7,1
54,2,3309,5,16.6,1
64,5,4821,6,8.9,1
53,1,5289,0,16.6,0
25,4,3231,6,6.2,1
52,2,2974,6,13.2,0
40,3,5428,2,11.6,0
17,9,5587,5,8.5,1
26,3,5161,0,13.3,0
56,9,4401,1,5.1,1
46,9,2765,5,17.6,1
43,6,5337,6,15.6,0
58,6,3116,0,7.9,0
44,4,3054,4,12.9,1
69,7,4723,0,18.3,0
18,9,3706,5,10.2,1
31,9,5189,6,9.2,1
26,2,5207,3,16.6,0
38,7,4996,0,3.0,0
66,2,5095,1,14.7,0
38,5,4192,3,6.7,1
33,1,5202,5,14.8,0
20,6,5337,3,10.4,1
37,9,3369,3,3.3,1
28,9,3818,4,17.9,1
26,8,4414,6,12.3,1
23,6,5163,5,8.3,1
50,7,3707,1,15.0,0
54,1,3306,1,11.4,0
56,8,3494,2,3.6,1
18,7,4978,1,14.1,0
66,2,4112,5,19.5,0
43,7,3290,6,6.8,1
46,4,4716,4,17.7,0
64,6,4546,6,13.6,1
31,9,4107,3,4.3,1
43,4,4421,4,15.4,0
19,10,3214,4,10.5,1
43,5,3066,2,16.5,1
30,6,5003,5,13.8,0
26,1,4608,3,3.0,0
50,2,5531,4,5.1,0
23,3,5410,1,9.0,0
69,10,3624,2,11.2,1
28,3,3933,6,18.8,1
20,4,5132,4,17.0,0
40,9,2510,0,16.6,1
37,4,5177,3,12.2,0
52,9,3020,4,4.6,1
52,2,3307,5,15.7,1
48,2,3993,5,4.5,0
47,1,4686,4,4.6,0
58,2,3597,0,7.3,0
51,7,5409,3,18.7,0
23,1,4926,1,15.7,0
41,7,4793,0,4.3,1
53,6,4894,6,18.6,1
30,3,2593,1,16.3,1
63,1,5051,1,13.3,0
42,2,4374,2,5.2,1
33,2,3077,3,8.4,1
36,6,4913,4,8.1,0
50,10,2827,2,13.9,1
55,5,4416,5,13.0,0
30,7,4264,1,7.7,1
25,4,2589,6,8.3,1
21,1,3661,5,11.8,1
43,3,2872,4,17.4,1
66,5,5434,0,5.1,0
68,9,4985,5,15.3,1
46,3,5587,4,19.9,0
45,10,4012,4,15.7,1
43,7,3519,1,10.5,1
29,4,5469,3,15.4,0
38,7,3451,2,17.6,1
67,7,3786,4,16.1,1
49,7,2914,2,3.2,1
29,9,5047,2,5.2,1
20,7,2871,6,4.8,1
57,1,2610,3,3.5,1
65,4,5083,4,15.1,0
22,10,5107,6,7.5,1
36,3,5146,6,15.3,0
62,5,5163,3,14.3,0
29,6,2939,1,11.9,1
25,6,3622,0,4.0,0
37,9,4872,6,8.2,1
37,6,3459,3,3.5,1
42,1,4912,3,18.5,0
69,3,5320,6,8.2,0
69,7,5479,2,4.6,0
47,8,4910,0,3.0,1
20,7,4971,4,13.4,1
30,8,4353,6,13.6,1
25,3,2742,1,19.9,0
16,1,3852,6,7.9,1
37,10,5455,3,3.8,1
16,6,5327,3,16.2,0
47,8,3239,6,8.2,1
31,10,4816,2,8.6,0
55,2,3451,5,18.4,0
44,9,3792,0,12.8,0
68,4,4511,4,9.8,0
42,7,4039,0,19.2,0
24,4,4373,0,7.5,0
66,2,2805,2,3.4,1
32,9,3419,2,6.9,1
58,4,5013,5,3.8,0
59,1,4420,6,9.9,0
66,2,5109,6,17.1,0
51,10,5492,4,19.6,0
44,9,3602,1,14.9,1
37,7,3319,4,18.7,1
40,8,3459,3,9.9,1
58,7,4273,3,8.1,1
47,10,3281,3,5.6,1
18,1,3709,6,11.5,1
36,1,3037,2,8.6,0
66,7,3695,6,4.8,1
27,10,5438,3,18.8,0
41,6,3814,4,5.1,1
62,10,4853,6,15.6,1
31,5,3834,5,4.2,1
53,7,3843,3,12.0,1
